threshold,fmr,fnmr
0.0,1.0,0.0
0.001,1.0,0.0
0.002,1.0,0.0
0.003,1.0,0.0
0.004,1.0,0.0
0.005,1.0,0.0
0.006,1.0,0.022222222222222223
0.007,1.0,0.022222222222222223
0.008,1.0,0.022222222222222223
0.009,1.0,0.022222222222222223
0.01,1.0,0.022222222222222223
0.011,1.0,0.022222222222222223
0.012,1.0,0.022222222222222223
0.013,1.0,0.022222222222222223
0.014,1.0,0.022222222222222223
0.015,1.0,0.022222222222222223
0.016,1.0,0.022222222222222223
0.017,1.0,0.022222222222222223
0.018,1.0,0.022222222222222223
0.019,1.0,0.022222222222222223
0.02,0.9166666666666666,0.022222222222222223
0.021,0.9166666666666666,0.022222222222222223
0.022,0.9166666666666666,0.022222222222222223
0.023,0.9166666666666666,0.022222222222222223
0.024,0.9166666666666666,0.022222222222222223
0.025,0.9166666666666666,0.022222222222222223
0.026,0.9166666666666666,0.022222222222222223
0.027,0.9166666666666666,0.022222222222222223
0.028,0.9166666666666666,0.022222222222222223
0.029,0.9166666666666666,0.022222222222222223
0.03,0.9166666666666666,0.022222222222222223
0.031,0.9166666666666666,0.022222222222222223
0.032,0.9166666666666666,0.022222222222222223
0.033,0.9166666666666666,0.022222222222222223
0.034,0.9166666666666666,0.022222222222222223
0.035,0.9166666666666666,0.022222222222222223
0.036,0.9166666666666666,0.022222222222222223
0.037,0.9166666666666666,0.022222222222222223
0.038,0.9166666666666666,0.022222222222222223
0.039,0.9166666666666666,0.022222222222222223
0.04,0.9166666666666666,0.022222222222222223
0.041,0.9166666666666666,0.022222222222222223
0.042,0.9166666666666666,0.022222222222222223
0.043,0.9166666666666666,0.022222222222222223
0.044,0.9166666666666666,0.022222222222222223
0.045,0.9166666666666666,0.022222222222222223
0.046,0.9166666666666666,0.022222222222222223
0.047,0.9166666666666666,0.022222222222222223
0.048,0.9166666666666666,0.022222222222222223
0.049,0.9166666666666666,0.022222222222222223
0.05,0.9166666666666666,0.022222222222222223
0.051,0.9166666666666666,0.022222222222222223
0.052,0.9166666666666666,0.022222222222222223
0.053,0.9166666666666666,0.022222222222222223
0.054,0.9166666666666666,0.022222222222222223
0.055,0.9166666666666666,0.022222222222222223
0.056,0.9166666666666666,0.022222222222222223
0.057,0.9166666666666666,0.022222222222222223
0.058,0.9166666666666666,0.022222222222222223
0.059,0.9166666666666666,0.022222222222222223
0.06,0.9166666666666666,0.022222222222222223
0.061,0.9166666666666666,0.022222222222222223
0.062,0.9166666666666666,0.022222222222222223
0.063,0.9166666666666666,0.022222222222222223
0.064,0.8333333333333334,0.022222222222222223
0.065,0.8333333333333334,0.022222222222222223
0.066,0.8333333333333334,0.022222222222222223
0.067,0.8333333333333334,0.022222222222222223
0.068,0.8333333333333334,0.044444444444444446
0.069,0.8333333333333334,0.044444444444444446
0.07,0.8333333333333334,0.044444444444444446
0.071,0.8333333333333334,0.044444444444444446
0.072,0.8333333333333334,0.044444444444444446
0.073,0.8333333333333334,0.044444444444444446
0.074,0.8333333333333334,0.044444444444444446
0.075,0.8333333333333334,0.044444444444444446
0.076,0.8333333333333334,0.044444444444444446
0.077,0.8333333333333334,0.044444444444444446
0.078,0.8333333333333334,0.044444444444444446
0.079,0.8333333333333334,0.044444444444444446
0.08,0.8333333333333334,0.044444444444444446
0.081,0.8333333333333334,0.044444444444444446
0.082,0.8333333333333334,0.044444444444444446
0.083,0.8333333333333334,0.044444444444444446
0.084,0.8333333333333334,0.044444444444444446
0.085,0.8333333333333334,0.044444444444444446
0.086,0.8333333333333334,0.044444444444444446
0.087,0.8333333333333334,0.044444444444444446
0.088,0.8333333333333334,0.044444444444444446
0.089,0.8333333333333334,0.044444444444444446
0.09,0.8333333333333334,0.044444444444444446
0.091,0.8333333333333334,0.044444444444444446
0.092,0.8333333333333334,0.044444444444444446
0.093,0.8333333333333334,0.044444444444444446
0.094,0.8333333333333334,0.044444444444444446
0.095,0.8333333333333334,0.044444444444444446
0.096,0.8333333333333334,0.044444444444444446
0.097,0.8333333333333334,0.044444444444444446
0.098,0.8333333333333334,0.044444444444444446
0.099,0.8333333333333334,0.044444444444444446
0.1,0.8333333333333334,0.044444444444444446
0.101,0.8333333333333334,0.044444444444444446
0.102,0.8333333333333334,0.044444444444444446
0.103,0.8333333333333334,0.044444444444444446
0.104,0.8333333333333334,0.044444444444444446
0.105,0.8333333333333334,0.044444444444444446
0.106,0.8333333333333334,0.044444444444444446
0.107,0.8333333333333334,0.044444444444444446
0.108,0.8333333333333334,0.044444444444444446
0.109,0.8333333333333334,0.044444444444444446
0.11,0.8333333333333334,0.044444444444444446
0.111,0.8333333333333334,0.044444444444444446
0.112,0.8333333333333334,0.044444444444444446
0.113,0.8333333333333334,0.044444444444444446
0.114,0.8333333333333334,0.044444444444444446
0.115,0.8333333333333334,0.044444444444444446
0.116,0.8333333333333334,0.044444444444444446
0.117,0.8333333333333334,0.044444444444444446
0.118,0.8333333333333334,0.044444444444444446
0.119,0.8333333333333334,0.044444444444444446
0.12,0.8333333333333334,0.044444444444444446
0.121,0.8333333333333334,0.044444444444444446
0.122,0.8333333333333334,0.044444444444444446
0.123,0.8333333333333334,0.044444444444444446
0.124,0.8333333333333334,0.044444444444444446
0.125,0.8333333333333334,0.044444444444444446
0.126,0.8333333333333334,0.06666666666666667
0.127,0.8333333333333334,0.06666666666666667
0.128,0.8333333333333334,0.06666666666666667
0.129,0.75,0.06666666666666667
0.13,0.75,0.06666666666666667
0.131,0.75,0.06666666666666667
0.132,0.75,0.06666666666666667
0.133,0.75,0.06666666666666667
0.134,0.75,0.06666666666666667
0.135,0.75,0.06666666666666667
0.136,0.75,0.06666666666666667
0.137,0.75,0.06666666666666667
0.138,0.6666666666666666,0.06666666666666667
0.139,0.6666666666666666,0.06666666666666667
0.14,0.6666666666666666,0.06666666666666667
0.141,0.6666666666666666,0.08888888888888889
0.142,0.6666666666666666,0.08888888888888889
0.143,0.6666666666666666,0.08888888888888889
0.144,0.6666666666666666,0.08888888888888889
0.145,0.6666666666666666,0.08888888888888889
0.146,0.6666666666666666,0.08888888888888889
0.147,0.6666666666666666,0.08888888888888889
0.148,0.6666666666666666,0.08888888888888889
0.149,0.6666666666666666,0.08888888888888889
0.15,0.6666666666666666,0.08888888888888889
0.151,0.6666666666666666,0.08888888888888889
0.152,0.6666666666666666,0.08888888888888889
0.153,0.6666666666666666,0.08888888888888889
0.154,0.6666666666666666,0.08888888888888889
0.155,0.6666666666666666,0.08888888888888889
0.156,0.6666666666666666,0.08888888888888889
0.157,0.6666666666666666,0.08888888888888889
0.158,0.6666666666666666,0.08888888888888889
0.159,0.6666666666666666,0.08888888888888889
0.16,0.6666666666666666,0.08888888888888889
0.161,0.6666666666666666,0.08888888888888889
0.162,0.6666666666666666,0.08888888888888889
0.163,0.6666666666666666,0.08888888888888889
0.164,0.6666666666666666,0.08888888888888889
0.165,0.6666666666666666,0.08888888888888889
0.166,0.6666666666666666,0.08888888888888889
0.167,0.6666666666666666,0.08888888888888889
0.168,0.6666666666666666,0.08888888888888889
0.169,0.6666666666666666,0.08888888888888889
0.17,0.6666666666666666,0.08888888888888889
0.171,0.6666666666666666,0.08888888888888889
0.172,0.5833333333333334,0.08888888888888889
0.173,0.5833333333333334,0.08888888888888889
0.174,0.5833333333333334,0.08888888888888889
0.175,0.5833333333333334,0.08888888888888889
0.176,0.5833333333333334,0.08888888888888889
0.177,0.5833333333333334,0.08888888888888889
0.178,0.5833333333333334,0.08888888888888889
0.179,0.5833333333333334,0.08888888888888889
0.18,0.5833333333333334,0.08888888888888889
0.181,0.5833333333333334,0.08888888888888889
0.182,0.5833333333333334,0.08888888888888889
0.183,0.5833333333333334,0.1111111111111111
0.184,0.5833333333333334,0.1111111111111111
0.185,0.5833333333333334,0.1111111111111111
0.186,0.5833333333333334,0.1111111111111111
0.187,0.5833333333333334,0.1111111111111111
0.188,0.5833333333333334,0.1111111111111111
0.189,0.5833333333333334,0.1111111111111111
0.19,0.5833333333333334,0.1111111111111111
0.191,0.5833333333333334,0.1111111111111111
0.192,0.5833333333333334,0.1111111111111111
0.193,0.5833333333333334,0.1111111111111111
0.194,0.5833333333333334,0.1111111111111111
0.195,0.5,0.1111111111111111
0.196,0.5,0.1111111111111111
0.197,0.5,0.1111111111111111
0.198,0.5,0.1111111111111111
0.199,0.5,0.13333333333333333
0.2,0.5,0.13333333333333333
0.201,0.5,0.13333333333333333
0.202,0.5,0.13333333333333333
0.203,0.5,0.13333333333333333
0.204,0.5,0.13333333333333333
0.205,0.5,0.13333333333333333
0.206,0.5,0.13333333333333333
0.207,0.5,0.13333333333333333
0.208,0.5,0.13333333333333333
0.209,0.5,0.13333333333333333
0.21,0.5,0.13333333333333333
0.211,0.5,0.13333333333333333
0.212,0.5,0.13333333333333333
0.213,0.5,0.13333333333333333
0.214,0.5,0.13333333333333333
0.215,0.5,0.13333333333333333
0.216,0.5,0.13333333333333333
0.217,0.5,0.13333333333333333
0.218,0.5,0.13333333333333333
0.219,0.5,0.13333333333333333
0.22,0.5,0.15555555555555556
0.221,0.5,0.15555555555555556
0.222,0.5,0.15555555555555556
0.223,0.5,0.15555555555555556
0.224,0.5,0.15555555555555556
0.225,0.5,0.15555555555555556
0.226,0.4166666666666667,0.15555555555555556
0.227,0.4166666666666667,0.15555555555555556
0.228,0.4166666666666667,0.15555555555555556
0.229,0.4166666666666667,0.15555555555555556
0.23,0.4166666666666667,0.15555555555555556
0.231,0.4166666666666667,0.15555555555555556
0.232,0.4166666666666667,0.15555555555555556
0.233,0.4166666666666667,0.15555555555555556
0.234,0.4166666666666667,0.15555555555555556
0.235,0.4166666666666667,0.17777777777777778
0.236,0.4166666666666667,0.17777777777777778
0.237,0.4166666666666667,0.17777777777777778
0.238,0.4166666666666667,0.17777777777777778
0.239,0.4166666666666667,0.17777777777777778
0.24,0.4166666666666667,0.17777777777777778
0.241,0.4166666666666667,0.17777777777777778
0.242,0.4166666666666667,0.17777777777777778
0.243,0.4166666666666667,0.17777777777777778
0.244,0.4166666666666667,0.17777777777777778
0.245,0.4166666666666667,0.17777777777777778
0.246,0.4166666666666667,0.17777777777777778
0.247,0.4166666666666667,0.17777777777777778
0.248,0.4166666666666667,0.17777777777777778
0.249,0.4166666666666667,0.17777777777777778
0.25,0.4166666666666667,0.17777777777777778
0.251,0.4166666666666667,0.2
0.252,0.4166666666666667,0.2
0.253,0.4166666666666667,0.2
0.254,0.4166666666666667,0.2
0.255,0.4166666666666667,0.2
0.256,0.4166666666666667,0.2
0.257,0.4166666666666667,0.2
0.258,0.4166666666666667,0.2
0.259,0.4166666666666667,0.2
0.26,0.4166666666666667,0.2
0.261,0.4166666666666667,0.2222222222222222
0.262,0.4166666666666667,0.2222222222222222
0.263,0.4166666666666667,0.24444444444444444
0.264,0.4166666666666667,0.24444444444444444
0.265,0.4166666666666667,0.24444444444444444
0.266,0.4166666666666667,0.24444444444444444
0.267,0.4166666666666667,0.24444444444444444
0.268,0.4166666666666667,0.24444444444444444
0.269,0.4166666666666667,0.24444444444444444
0.27,0.4166666666666667,0.24444444444444444
0.271,0.4166666666666667,0.24444444444444444
0.272,0.4166666666666667,0.24444444444444444
0.273,0.4166666666666667,0.24444444444444444
0.274,0.4166666666666667,0.24444444444444444
0.275,0.4166666666666667,0.24444444444444444
0.276,0.4166666666666667,0.24444444444444444
0.277,0.4166666666666667,0.24444444444444444
0.278,0.4166666666666667,0.24444444444444444
0.279,0.3333333333333333,0.24444444444444444
0.28,0.3333333333333333,0.24444444444444444
0.281,0.3333333333333333,0.24444444444444444
0.282,0.3333333333333333,0.24444444444444444
0.283,0.3333333333333333,0.24444444444444444
0.284,0.3333333333333333,0.24444444444444444
0.285,0.3333333333333333,0.24444444444444444
0.286,0.3333333333333333,0.24444444444444444
0.287,0.3333333333333333,0.24444444444444444
0.288,0.3333333333333333,0.24444444444444444
0.289,0.3333333333333333,0.24444444444444444
0.29,0.3333333333333333,0.24444444444444444
0.291,0.3333333333333333,0.24444444444444444
0.292,0.3333333333333333,0.24444444444444444
0.293,0.3333333333333333,0.24444444444444444
0.294,0.3333333333333333,0.24444444444444444
0.295,0.3333333333333333,0.24444444444444444
0.296,0.3333333333333333,0.26666666666666666
0.297,0.3333333333333333,0.26666666666666666
0.298,0.3333333333333333,0.26666666666666666
0.299,0.3333333333333333,0.26666666666666666
0.3,0.3333333333333333,0.26666666666666666
0.301,0.3333333333333333,0.26666666666666666
0.302,0.3333333333333333,0.26666666666666666
0.303,0.3333333333333333,0.26666666666666666
0.304,0.3333333333333333,0.26666666666666666
0.305,0.3333333333333333,0.26666666666666666
0.306,0.3333333333333333,0.28888888888888886
0.307,0.3333333333333333,0.28888888888888886
0.308,0.3333333333333333,0.28888888888888886
0.309,0.3333333333333333,0.28888888888888886
0.31,0.3333333333333333,0.28888888888888886
0.311,0.3333333333333333,0.28888888888888886
0.312,0.3333333333333333,0.28888888888888886
0.313,0.3333333333333333,0.28888888888888886
0.314,0.3333333333333333,0.3111111111111111
0.315,0.3333333333333333,0.3111111111111111
0.316,0.3333333333333333,0.3111111111111111
0.317,0.3333333333333333,0.3333333333333333
0.318,0.3333333333333333,0.3333333333333333
0.319,0.3333333333333333,0.3333333333333333
0.32,0.3333333333333333,0.3333333333333333
0.321,0.3333333333333333,0.3333333333333333
0.322,0.3333333333333333,0.3333333333333333
0.323,0.3333333333333333,0.3333333333333333
0.324,0.3333333333333333,0.3333333333333333
0.325,0.3333333333333333,0.3333333333333333
0.326,0.3333333333333333,0.35555555555555557
0.327,0.3333333333333333,0.35555555555555557
0.328,0.3333333333333333,0.35555555555555557
0.329,0.3333333333333333,0.35555555555555557
0.33,0.3333333333333333,0.35555555555555557
0.331,0.3333333333333333,0.35555555555555557
0.332,0.3333333333333333,0.35555555555555557
0.333,0.3333333333333333,0.35555555555555557
0.334,0.3333333333333333,0.35555555555555557
0.335,0.3333333333333333,0.35555555555555557
0.336,0.3333333333333333,0.35555555555555557
0.337,0.3333333333333333,0.35555555555555557
0.338,0.3333333333333333,0.35555555555555557
0.339,0.3333333333333333,0.35555555555555557
0.34,0.3333333333333333,0.35555555555555557
0.341,0.3333333333333333,0.37777777777777777
0.342,0.3333333333333333,0.4
0.343,0.25,0.4
0.344,0.25,0.4
0.345,0.25,0.4
0.346,0.25,0.4
0.347,0.25,0.4
0.348,0.25,0.4222222222222222
0.349,0.25,0.4222222222222222
0.35,0.25,0.4222222222222222
0.351,0.25,0.4222222222222222
0.352,0.25,0.4222222222222222
0.353,0.25,0.4222222222222222
0.354,0.25,0.4222222222222222
0.355,0.25,0.4444444444444444
0.356,0.25,0.4444444444444444
0.357,0.25,0.4444444444444444
0.358,0.25,0.4444444444444444
0.359,0.25,0.4444444444444444
0.36,0.25,0.4444444444444444
0.361,0.25,0.4444444444444444
0.362,0.25,0.4444444444444444
0.363,0.25,0.4444444444444444
0.364,0.25,0.4444444444444444
0.365,0.25,0.4444444444444444
0.366,0.25,0.4444444444444444
0.367,0.25,0.4444444444444444
0.368,0.25,0.4444444444444444
0.369,0.25,0.4444444444444444
0.37,0.25,0.4444444444444444
0.371,0.25,0.4444444444444444
0.372,0.25,0.4444444444444444
0.373,0.25,0.4444444444444444
0.374,0.25,0.4444444444444444
0.375,0.25,0.4444444444444444
0.376,0.25,0.4666666666666667
0.377,0.25,0.4666666666666667
0.378,0.25,0.4666666666666667
0.379,0.25,0.4666666666666667
0.38,0.25,0.4666666666666667
0.381,0.25,0.4666666666666667
0.382,0.25,0.4666666666666667
0.383,0.25,0.4666666666666667
0.384,0.25,0.4666666666666667
0.385,0.25,0.4666666666666667
0.386,0.25,0.4666666666666667
0.387,0.25,0.4666666666666667
0.388,0.25,0.4666666666666667
0.389,0.25,0.4666666666666667
0.39,0.25,0.4666666666666667
0.391,0.25,0.4666666666666667
0.392,0.25,0.4666666666666667
0.393,0.25,0.4666666666666667
0.394,0.25,0.4666666666666667
0.395,0.25,0.4666666666666667
0.396,0.25,0.4666666666666667
0.397,0.25,0.4666666666666667
0.398,0.25,0.4666666666666667
0.399,0.25,0.4666666666666667
0.4,0.25,0.4666666666666667
0.401,0.25,0.4666666666666667
0.402,0.25,0.4666666666666667
0.403,0.25,0.4666666666666667
0.404,0.25,0.4666666666666667
0.405,0.25,0.4666666666666667
0.406,0.25,0.4666666666666667
0.407,0.25,0.4666666666666667
0.408,0.25,0.4888888888888889
0.409,0.25,0.4888888888888889
0.41,0.25,0.4888888888888889
0.411,0.25,0.4888888888888889
0.412,0.25,0.4888888888888889
0.413,0.25,0.5111111111111111
0.414,0.25,0.5111111111111111
0.415,0.25,0.5111111111111111
0.416,0.25,0.5333333333333333
0.417,0.25,0.5333333333333333
0.418,0.16666666666666666,0.5333333333333333
0.419,0.16666666666666666,0.5333333333333333
0.42,0.16666666666666666,0.5333333333333333
0.421,0.16666666666666666,0.5333333333333333
0.422,0.16666666666666666,0.5333333333333333
0.423,0.16666666666666666,0.5333333333333333
0.424,0.16666666666666666,0.5333333333333333
0.425,0.16666666666666666,0.5333333333333333
0.426,0.16666666666666666,0.5333333333333333
0.427,0.16666666666666666,0.5333333333333333
0.428,0.16666666666666666,0.5333333333333333
0.429,0.16666666666666666,0.5777777777777777
0.43,0.16666666666666666,0.5777777777777777
0.431,0.16666666666666666,0.5777777777777777
0.432,0.16666666666666666,0.5777777777777777
0.433,0.16666666666666666,0.5777777777777777
0.434,0.16666666666666666,0.5777777777777777
0.435,0.16666666666666666,0.5777777777777777
0.436,0.16666666666666666,0.5777777777777777
0.437,0.16666666666666666,0.6
0.438,0.16666666666666666,0.6
0.439,0.16666666666666666,0.6
0.44,0.16666666666666666,0.6
0.441,0.16666666666666666,0.6
0.442,0.16666666666666666,0.6444444444444445
0.443,0.16666666666666666,0.6444444444444445
0.444,0.16666666666666666,0.6444444444444445
0.445,0.16666666666666666,0.6444444444444445
0.446,0.16666666666666666,0.6444444444444445
0.447,0.16666666666666666,0.6444444444444445
0.448,0.16666666666666666,0.6444444444444445
0.449,0.16666666666666666,0.6444444444444445
0.45,0.16666666666666666,0.6444444444444445
0.451,0.16666666666666666,0.6444444444444445
0.452,0.16666666666666666,0.6444444444444445
0.453,0.16666666666666666,0.6444444444444445
0.454,0.16666666666666666,0.6444444444444445
0.455,0.16666666666666666,0.6444444444444445
0.456,0.16666666666666666,0.6444444444444445
0.457,0.16666666666666666,0.6444444444444445
0.458,0.08333333333333333,0.6444444444444445
0.459,0.08333333333333333,0.6666666666666666
0.46,0.08333333333333333,0.6666666666666666
0.461,0.08333333333333333,0.6666666666666666
0.462,0.08333333333333333,0.6666666666666666
0.463,0.08333333333333333,0.6666666666666666
0.464,0.08333333333333333,0.6666666666666666
0.465,0.08333333333333333,0.7111111111111111
0.466,0.08333333333333333,0.7111111111111111
0.467,0.08333333333333333,0.7111111111111111
0.468,0.08333333333333333,0.7111111111111111
0.469,0.08333333333333333,0.7111111111111111
0.47,0.08333333333333333,0.7111111111111111
0.471,0.08333333333333333,0.7111111111111111
0.472,0.08333333333333333,0.7111111111111111
0.473,0.08333333333333333,0.7111111111111111
0.474,0.08333333333333333,0.7333333333333333
0.475,0.08333333333333333,0.7333333333333333
0.476,0.08333333333333333,0.7333333333333333
0.477,0.08333333333333333,0.7333333333333333
0.478,0.08333333333333333,0.7333333333333333
0.479,0.08333333333333333,0.7333333333333333
0.48,0.08333333333333333,0.7333333333333333
0.481,0.08333333333333333,0.7333333333333333
0.482,0.08333333333333333,0.7333333333333333
0.483,0.08333333333333333,0.7333333333333333
0.484,0.08333333333333333,0.7333333333333333
0.485,0.08333333333333333,0.7333333333333333
0.486,0.08333333333333333,0.7555555555555555
0.487,0.08333333333333333,0.7555555555555555
0.488,0.08333333333333333,0.7777777777777778
0.489,0.08333333333333333,0.7777777777777778
0.49,0.08333333333333333,0.7777777777777778
0.491,0.08333333333333333,0.7777777777777778
0.492,0.08333333333333333,0.7777777777777778
0.493,0.08333333333333333,0.7777777777777778
0.494,0.08333333333333333,0.7777777777777778
0.495,0.08333333333333333,0.8
0.496,0.08333333333333333,0.8
0.497,0.08333333333333333,0.8
0.498,0.08333333333333333,0.8
0.499,0.08333333333333333,0.8
0.5,0.08333333333333333,0.8
0.501,0.08333333333333333,0.8
0.502,0.08333333333333333,0.8
0.503,0.08333333333333333,0.8
0.504,0.08333333333333333,0.8
0.505,0.08333333333333333,0.8
0.506,0.08333333333333333,0.8
0.507,0.08333333333333333,0.8
0.508,0.08333333333333333,0.8
0.509,0.08333333333333333,0.8
0.51,0.08333333333333333,0.8
0.511,0.08333333333333333,0.8
0.512,0.08333333333333333,0.8
0.513,0.08333333333333333,0.8
0.514,0.08333333333333333,0.8
0.515,0.08333333333333333,0.8
0.516,0.08333333333333333,0.8
0.517,0.08333333333333333,0.8
0.518,0.08333333333333333,0.8
0.519,0.08333333333333333,0.8
0.52,0.08333333333333333,0.8
0.521,0.08333333333333333,0.8
0.522,0.08333333333333333,0.8
0.523,0.08333333333333333,0.8
0.524,0.0,0.8
0.525,0.0,0.8
0.526,0.0,0.8
0.527,0.0,0.8
0.528,0.0,0.8
0.529,0.0,0.8
0.53,0.0,0.8
0.531,0.0,0.8
0.532,0.0,0.8
0.533,0.0,0.8
0.534,0.0,0.8
0.535,0.0,0.8
0.536,0.0,0.8
0.537,0.0,0.8
0.538,0.0,0.8
0.539,0.0,0.8
0.54,0.0,0.8
0.541,0.0,0.8222222222222222
0.542,0.0,0.8222222222222222
0.543,0.0,0.8222222222222222
0.544,0.0,0.8222222222222222
0.545,0.0,0.8222222222222222
0.546,0.0,0.8222222222222222
0.547,0.0,0.8222222222222222
0.548,0.0,0.8222222222222222
0.549,0.0,0.8222222222222222
0.55,0.0,0.8222222222222222
0.551,0.0,0.8222222222222222
0.552,0.0,0.8222222222222222
0.553,0.0,0.8222222222222222
0.554,0.0,0.8222222222222222
0.555,0.0,0.8222222222222222
0.556,0.0,0.8222222222222222
0.557,0.0,0.8444444444444444
0.558,0.0,0.8666666666666667
0.559,0.0,0.8666666666666667
0.56,0.0,0.8666666666666667
0.561,0.0,0.8666666666666667
0.562,0.0,0.8666666666666667
0.563,0.0,0.8666666666666667
0.564,0.0,0.8666666666666667
0.565,0.0,0.8666666666666667
0.566,0.0,0.8666666666666667
0.567,0.0,0.8666666666666667
0.568,0.0,0.8666666666666667
0.569,0.0,0.8666666666666667
0.57,0.0,0.8666666666666667
0.571,0.0,0.8666666666666667
0.572,0.0,0.8666666666666667
0.573,0.0,0.8666666666666667
0.574,0.0,0.8666666666666667
0.575,0.0,0.8666666666666667
0.576,0.0,0.8666666666666667
0.577,0.0,0.8666666666666667
0.578,0.0,0.8666666666666667
0.579,0.0,0.8888888888888888
0.58,0.0,0.8888888888888888
0.581,0.0,0.8888888888888888
0.582,0.0,0.8888888888888888
0.583,0.0,0.8888888888888888
0.584,0.0,0.8888888888888888
0.585,0.0,0.8888888888888888
0.586,0.0,0.8888888888888888
0.587,0.0,0.8888888888888888
0.588,0.0,0.8888888888888888
0.589,0.0,0.8888888888888888
0.59,0.0,0.8888888888888888
0.591,0.0,0.8888888888888888
0.592,0.0,0.8888888888888888
0.593,0.0,0.8888888888888888
0.594,0.0,0.8888888888888888
0.595,0.0,0.9111111111111111
0.596,0.0,0.9111111111111111
0.597,0.0,0.9111111111111111
0.598,0.0,0.9111111111111111
0.599,0.0,0.9111111111111111
0.6,0.0,0.9111111111111111
0.601,0.0,0.9111111111111111
0.602,0.0,0.9111111111111111
0.603,0.0,0.9111111111111111
0.604,0.0,0.9111111111111111
0.605,0.0,0.9111111111111111
0.606,0.0,0.9111111111111111
0.607,0.0,0.9111111111111111
0.608,0.0,0.9111111111111111
0.609,0.0,0.9111111111111111
0.61,0.0,0.9111111111111111
0.611,0.0,0.9111111111111111
0.612,0.0,0.9111111111111111
0.613,0.0,0.9111111111111111
0.614,0.0,0.9111111111111111
0.615,0.0,0.9111111111111111
0.616,0.0,0.9111111111111111
0.617,0.0,0.9111111111111111
0.618,0.0,0.9111111111111111
0.619,0.0,0.9111111111111111
0.62,0.0,0.9111111111111111
0.621,0.0,0.9111111111111111
0.622,0.0,0.9111111111111111
0.623,0.0,0.9111111111111111
0.624,0.0,0.9111111111111111
0.625,0.0,0.9111111111111111
0.626,0.0,0.9111111111111111
0.627,0.0,0.9111111111111111
0.628,0.0,0.9111111111111111
0.629,0.0,0.9111111111111111
0.63,0.0,0.9111111111111111
0.631,0.0,0.9111111111111111
0.632,0.0,0.9111111111111111
0.633,0.0,0.9111111111111111
0.634,0.0,0.9111111111111111
0.635,0.0,0.9111111111111111
0.636,0.0,0.9333333333333333
0.637,0.0,0.9333333333333333
0.638,0.0,0.9333333333333333
0.639,0.0,0.9333333333333333
0.64,0.0,0.9333333333333333
0.641,0.0,0.9333333333333333
0.642,0.0,0.9333333333333333
0.643,0.0,0.9333333333333333
0.644,0.0,0.9333333333333333
0.645,0.0,0.9333333333333333
0.646,0.0,0.9333333333333333
0.647,0.0,0.9333333333333333
0.648,0.0,0.9333333333333333
0.649,0.0,0.9333333333333333
0.65,0.0,0.9333333333333333
0.651,0.0,0.9333333333333333
0.652,0.0,0.9333333333333333
0.653,0.0,0.9333333333333333
0.654,0.0,0.9333333333333333
0.655,0.0,0.9333333333333333
0.656,0.0,0.9333333333333333
0.657,0.0,0.9333333333333333
0.658,0.0,0.9333333333333333
0.659,0.0,0.9333333333333333
0.66,0.0,0.9333333333333333
0.661,0.0,0.9333333333333333
0.662,0.0,0.9333333333333333
0.663,0.0,0.9333333333333333
0.664,0.0,0.9333333333333333
0.665,0.0,0.9333333333333333
0.666,0.0,0.9333333333333333
0.667,0.0,0.9333333333333333
0.668,0.0,0.9333333333333333
0.669,0.0,0.9333333333333333
0.67,0.0,0.9333333333333333
0.671,0.0,0.9333333333333333
0.672,0.0,0.9333333333333333
0.673,0.0,0.9333333333333333
0.674,0.0,0.9333333333333333
0.675,0.0,0.9333333333333333
0.676,0.0,0.9333333333333333
0.677,0.0,0.9333333333333333
0.678,0.0,0.9333333333333333
0.679,0.0,0.9333333333333333
0.68,0.0,0.9333333333333333
0.681,0.0,0.9333333333333333
0.682,0.0,0.9333333333333333
0.683,0.0,0.9333333333333333
0.684,0.0,0.9333333333333333
0.685,0.0,0.9333333333333333
0.686,0.0,0.9333333333333333
0.687,0.0,0.9333333333333333
0.688,0.0,0.9333333333333333
0.689,0.0,0.9333333333333333
0.69,0.0,0.9333333333333333
0.691,0.0,0.9333333333333333
0.692,0.0,0.9333333333333333
0.693,0.0,0.9333333333333333
0.694,0.0,0.9333333333333333
0.695,0.0,0.9333333333333333
0.696,0.0,0.9333333333333333
0.697,0.0,0.9333333333333333
0.698,0.0,0.9333333333333333
0.699,0.0,0.9333333333333333
0.7,0.0,0.9333333333333333
0.701,0.0,0.9333333333333333
0.702,0.0,0.9333333333333333
0.703,0.0,0.9333333333333333
0.704,0.0,0.9333333333333333
0.705,0.0,0.9333333333333333
0.706,0.0,0.9333333333333333
0.707,0.0,0.9333333333333333
0.708,0.0,0.9333333333333333
0.709,0.0,0.9333333333333333
0.71,0.0,0.9333333333333333
0.711,0.0,0.9333333333333333
0.712,0.0,0.9333333333333333
0.713,0.0,0.9333333333333333
0.714,0.0,0.9333333333333333
0.715,0.0,0.9333333333333333
0.716,0.0,0.9333333333333333
0.717,0.0,0.9333333333333333
0.718,0.0,0.9333333333333333
0.719,0.0,0.9333333333333333
0.72,0.0,0.9333333333333333
0.721,0.0,0.9555555555555556
0.722,0.0,0.9555555555555556
0.723,0.0,0.9555555555555556
0.724,0.0,0.9777777777777777
0.725,0.0,0.9777777777777777
0.726,0.0,0.9777777777777777
0.727,0.0,0.9777777777777777
0.728,0.0,0.9777777777777777
0.729,0.0,0.9777777777777777
0.73,0.0,0.9777777777777777
0.731,0.0,0.9777777777777777
0.732,0.0,0.9777777777777777
0.733,0.0,0.9777777777777777
0.734,0.0,0.9777777777777777
0.735,0.0,0.9777777777777777
0.736,0.0,1.0
0.737,0.0,1.0
0.738,0.0,1.0
0.739,0.0,1.0
0.74,0.0,1.0
0.741,0.0,1.0
0.742,0.0,1.0
0.743,0.0,1.0
0.744,0.0,1.0
0.745,0.0,1.0
0.746,0.0,1.0
0.747,0.0,1.0
0.748,0.0,1.0
0.749,0.0,1.0
0.75,0.0,1.0
0.751,0.0,1.0
0.752,0.0,1.0
0.753,0.0,1.0
0.754,0.0,1.0
0.755,0.0,1.0
0.756,0.0,1.0
0.757,0.0,1.0
0.758,0.0,1.0
0.759,0.0,1.0
0.76,0.0,1.0
0.761,0.0,1.0
0.762,0.0,1.0
0.763,0.0,1.0
0.764,0.0,1.0
0.765,0.0,1.0
0.766,0.0,1.0
0.767,0.0,1.0
0.768,0.0,1.0
0.769,0.0,1.0
0.77,0.0,1.0
0.771,0.0,1.0
0.772,0.0,1.0
0.773,0.0,1.0
0.774,0.0,1.0
0.775,0.0,1.0
0.776,0.0,1.0
0.777,0.0,1.0
0.778,0.0,1.0
0.779,0.0,1.0
0.78,0.0,1.0
0.781,0.0,1.0
0.782,0.0,1.0
0.783,0.0,1.0
0.784,0.0,1.0
0.785,0.0,1.0
0.786,0.0,1.0
0.787,0.0,1.0
0.788,0.0,1.0
0.789,0.0,1.0
0.79,0.0,1.0
0.791,0.0,1.0
0.792,0.0,1.0
0.793,0.0,1.0
0.794,0.0,1.0
0.795,0.0,1.0
0.796,0.0,1.0
0.797,0.0,1.0
0.798,0.0,1.0
0.799,0.0,1.0
0.8,0.0,1.0
0.801,0.0,1.0
0.802,0.0,1.0
0.803,0.0,1.0
0.804,0.0,1.0
0.805,0.0,1.0
0.806,0.0,1.0
0.807,0.0,1.0
0.808,0.0,1.0
0.809,0.0,1.0
0.81,0.0,1.0
0.811,0.0,1.0
0.812,0.0,1.0
0.813,0.0,1.0
0.814,0.0,1.0
0.815,0.0,1.0
0.816,0.0,1.0
0.817,0.0,1.0
0.818,0.0,1.0
0.819,0.0,1.0
0.82,0.0,1.0
0.821,0.0,1.0
0.822,0.0,1.0
0.823,0.0,1.0
0.824,0.0,1.0
0.825,0.0,1.0
0.826,0.0,1.0
0.827,0.0,1.0
0.828,0.0,1.0
0.829,0.0,1.0
0.83,0.0,1.0
0.831,0.0,1.0
0.832,0.0,1.0
0.833,0.0,1.0
0.834,0.0,1.0
0.835,0.0,1.0
0.836,0.0,1.0
0.837,0.0,1.0
0.838,0.0,1.0
0.839,0.0,1.0
0.84,0.0,1.0
0.841,0.0,1.0
0.842,0.0,1.0
0.843,0.0,1.0
0.844,0.0,1.0
0.845,0.0,1.0
0.846,0.0,1.0
0.847,0.0,1.0
0.848,0.0,1.0
0.849,0.0,1.0
0.85,0.0,1.0
0.851,0.0,1.0
0.852,0.0,1.0
0.853,0.0,1.0
0.854,0.0,1.0
0.855,0.0,1.0
0.856,0.0,1.0
0.857,0.0,1.0
0.858,0.0,1.0
0.859,0.0,1.0
0.86,0.0,1.0
0.861,0.0,1.0
0.862,0.0,1.0
0.863,0.0,1.0
0.864,0.0,1.0
0.865,0.0,1.0
0.866,0.0,1.0
0.867,0.0,1.0
0.868,0.0,1.0
0.869,0.0,1.0
0.87,0.0,1.0
0.871,0.0,1.0
0.872,0.0,1.0
0.873,0.0,1.0
0.874,0.0,1.0
0.875,0.0,1.0
0.876,0.0,1.0
0.877,0.0,1.0
0.878,0.0,1.0
0.879,0.0,1.0
0.88,0.0,1.0
0.881,0.0,1.0
0.882,0.0,1.0
0.883,0.0,1.0
0.884,0.0,1.0
0.885,0.0,1.0
0.886,0.0,1.0
0.887,0.0,1.0
0.888,0.0,1.0
0.889,0.0,1.0
0.89,0.0,1.0
0.891,0.0,1.0
0.892,0.0,1.0
0.893,0.0,1.0
0.894,0.0,1.0
0.895,0.0,1.0
0.896,0.0,1.0
0.897,0.0,1.0
0.898,0.0,1.0
0.899,0.0,1.0
0.9,0.0,1.0
0.901,0.0,1.0
0.902,0.0,1.0
0.903,0.0,1.0
0.904,0.0,1.0
0.905,0.0,1.0
0.906,0.0,1.0
0.907,0.0,1.0
0.908,0.0,1.0
0.909,0.0,1.0
0.91,0.0,1.0
0.911,0.0,1.0
0.912,0.0,1.0
0.913,0.0,1.0
0.914,0.0,1.0
0.915,0.0,1.0
0.916,0.0,1.0
0.917,0.0,1.0
0.918,0.0,1.0
0.919,0.0,1.0
0.92,0.0,1.0
0.921,0.0,1.0
0.922,0.0,1.0
0.923,0.0,1.0
0.924,0.0,1.0
0.925,0.0,1.0
0.926,0.0,1.0
0.927,0.0,1.0
0.928,0.0,1.0
0.929,0.0,1.0
0.93,0.0,1.0
0.931,0.0,1.0
0.932,0.0,1.0
0.933,0.0,1.0
0.934,0.0,1.0
0.935,0.0,1.0
0.936,0.0,1.0
0.937,0.0,1.0
0.938,0.0,1.0
0.939,0.0,1.0
0.94,0.0,1.0
0.941,0.0,1.0
0.942,0.0,1.0
0.943,0.0,1.0
0.944,0.0,1.0
0.945,0.0,1.0
0.946,0.0,1.0
0.947,0.0,1.0
0.948,0.0,1.0
0.949,0.0,1.0
0.95,0.0,1.0
0.951,0.0,1.0
0.952,0.0,1.0
0.953,0.0,1.0
0.954,0.0,1.0
0.955,0.0,1.0
0.956,0.0,1.0
0.957,0.0,1.0
0.958,0.0,1.0
0.959,0.0,1.0
0.96,0.0,1.0
0.961,0.0,1.0
0.962,0.0,1.0
0.963,0.0,1.0
0.964,0.0,1.0
0.965,0.0,1.0
0.966,0.0,1.0
0.967,0.0,1.0
0.968,0.0,1.0
0.969,0.0,1.0
0.97,0.0,1.0
0.971,0.0,1.0
0.972,0.0,1.0
0.973,0.0,1.0
0.974,0.0,1.0
0.975,0.0,1.0
0.976,0.0,1.0
0.977,0.0,1.0
0.978,0.0,1.0
0.979,0.0,1.0
0.98,0.0,1.0
0.981,0.0,1.0
0.982,0.0,1.0
0.983,0.0,1.0
0.984,0.0,1.0
0.985,0.0,1.0
0.986,0.0,1.0
0.987,0.0,1.0
0.988,0.0,1.0
0.989,0.0,1.0
0.99,0.0,1.0
0.991,0.0,1.0
0.992,0.0,1.0
0.993,0.0,1.0
0.994,0.0,1.0
0.995,0.0,1.0
0.996,0.0,1.0
0.997,0.0,1.0
0.998,0.0,1.0
0.999,0.0,1.0
1.0,0.0,1.0
