img1_path,img2_path,label
/Users/amnahameed/Downloads/cv/facial_filter_project/data/lfw_original/Abel_Pacheco/Abel_Pacheco_0001.jpg,/Users/amnahameed/Downloads/cv/facial_filter_project/data/lfw_original/Abel_Pacheco/Abel_Pacheco_0004.jpg,1
/Users/amnahameed/Downloads/cv/facial_filter_project/data/lfw_original/Akhmed_Zakayev/Akhmed_Zakayev_0001.jpg,/Users/amnahameed/Downloads/cv/facial_filter_project/data/lfw_original/Akhmed_Zakayev/Akhmed_Zakayev_0003.jpg,1
/Users/amnahameed/Downloads/cv/facial_filter_project/data/lfw_original/Akhmed_Zakayev/Akhmed_Zakayev_0002.jpg,/Users/amnahameed/Downloads/cv/facial_filter_project/data/lfw_original/Akhmed_Zakayev/Akhmed_Zakayev_0003.jpg,1
/Users/amnahameed/Downloads/cv/facial_filter_project/data/lfw_original/Amber_Tamblyn/Amber_Tamblyn_0001.jpg,/Users/amnahameed/Downloads/cv/facial_filter_project/data/lfw_original/Amber_Tamblyn/Amber_Tamblyn_0002.jpg,1
/Users/amnahameed/Downloads/cv/facial_filter_project/data/lfw_original/Anders_Fogh_Rasmussen/Anders_Fogh_Rasmussen_0001.jpg,/Users/amnahameed/Downloads/cv/facial_filter_project/data/lfw_original/Anders_Fogh_Rasmussen/Anders_Fogh_Rasmussen_0003.jpg,1
/Users/amnahameed/Downloads/cv/facial_filter_project/data/lfw_original/Anders_Fogh_Rasmussen/Anders_Fogh_Rasmussen_0001.jpg,/Users/amnahameed/Downloads/cv/facial_filter_project/data/lfw_original/Anders_Fogh_Rasmussen/Anders_Fogh_Rasmussen_0004.jpg,1
/Users/amnahameed/Downloads/cv/facial_filter_project/data/lfw_original/Angela_Bassett/Angela_Bassett_0001.jpg,/Users/amnahameed/Downloads/cv/facial_filter_project/data/lfw_original/Angela_Bassett/Angela_Bassett_0005.jpg,1
/Users/amnahameed/Downloads/cv/facial_filter_project/data/lfw_original/Angela_Bassett/Angela_Bassett_0002.jpg,/Users/amnahameed/Downloads/cv/facial_filter_project/data/lfw_original/Angela_Bassett/Angela_Bassett_0005.jpg,1
/Users/amnahameed/Downloads/cv/facial_filter_project/data/lfw_original/Angela_Bassett/Angela_Bassett_0003.jpg,/Users/amnahameed/Downloads/cv/facial_filter_project/data/lfw_original/Angela_Bassett/Angela_Bassett_0004.jpg,1
/Users/amnahameed/Downloads/cv/facial_filter_project/data/lfw_original/Ann_Veneman/Ann_Veneman_0003.jpg,/Users/amnahameed/Downloads/cv/facial_filter_project/data/lfw_original/Ann_Veneman/Ann_Veneman_0005.jpg,1
/Users/amnahameed/Downloads/cv/facial_filter_project/data/lfw_original/Ann_Veneman/Ann_Veneman_0006.jpg,/Users/amnahameed/Downloads/cv/facial_filter_project/data/lfw_original/Ann_Veneman/Ann_Veneman_0010.jpg,1
/Users/amnahameed/Downloads/cv/facial_filter_project/data/lfw_original/Ann_Veneman/Ann_Veneman_0010.jpg,/Users/amnahameed/Downloads/cv/facial_filter_project/data/lfw_original/Ann_Veneman/Ann_Veneman_0011.jpg,1
/Users/amnahameed/Downloads/cv/facial_filter_project/data/lfw_original/Anthony_Fauci/Anthony_Fauci_0001.jpg,/Users/amnahameed/Downloads/cv/facial_filter_project/data/lfw_original/Anthony_Fauci/Anthony_Fauci_0002.jpg,1
/Users/amnahameed/Downloads/cv/facial_filter_project/data/lfw_original/Antony_Leung/Antony_Leung_0001.jpg,/Users/amnahameed/Downloads/cv/facial_filter_project/data/lfw_original/Antony_Leung/Antony_Leung_0002.jpg,1
/Users/amnahameed/Downloads/cv/facial_filter_project/data/lfw_original/Antony_Leung/Antony_Leung_0002.jpg,/Users/amnahameed/Downloads/cv/facial_filter_project/data/lfw_original/Antony_Leung/Antony_Leung_0003.jpg,1
/Users/amnahameed/Downloads/cv/facial_filter_project/data/lfw_original/Anwar_Ibrahim/Anwar_Ibrahim_0001.jpg,/Users/amnahameed/Downloads/cv/facial_filter_project/data/lfw_original/Anwar_Ibrahim/Anwar_Ibrahim_0002.jpg,1
/Users/amnahameed/Downloads/cv/facial_filter_project/data/lfw_original/Augusto_Pinochet/Augusto_Pinochet_0001.jpg,/Users/amnahameed/Downloads/cv/facial_filter_project/data/lfw_original/Augusto_Pinochet/Augusto_Pinochet_0002.jpg,1
/Users/amnahameed/Downloads/cv/facial_filter_project/data/lfw_original/Barbara_Brezigar/Barbara_Brezigar_0001.jpg,/Users/amnahameed/Downloads/cv/facial_filter_project/data/lfw_original/Barbara_Brezigar/Barbara_Brezigar_0002.jpg,1
/Users/amnahameed/Downloads/cv/facial_filter_project/data/lfw_original/Benjamin_Netanyahu/Benjamin_Netanyahu_0001.jpg,/Users/amnahameed/Downloads/cv/facial_filter_project/data/lfw_original/Benjamin_Netanyahu/Benjamin_Netanyahu_0004.jpg,1
/Users/amnahameed/Downloads/cv/facial_filter_project/data/lfw_original/Benjamin_Netanyahu/Benjamin_Netanyahu_0004.jpg,/Users/amnahameed/Downloads/cv/facial_filter_project/data/lfw_original/Benjamin_Netanyahu/Benjamin_Netanyahu_0005.jpg,1
/Users/amnahameed/Downloads/cv/facial_filter_project/data/lfw_original/Bernard_Law/Bernard_Law_0002.jpg,/Users/amnahameed/Downloads/cv/facial_filter_project/data/lfw_original/Bernard_Law/Bernard_Law_0003.jpg,1
/Users/amnahameed/Downloads/cv/facial_filter_project/data/lfw_original/Bernard_Law/Bernard_Law_0003.jpg,/Users/amnahameed/Downloads/cv/facial_filter_project/data/lfw_original/Bernard_Law/Bernard_Law_0004.jpg,1
/Users/amnahameed/Downloads/cv/facial_filter_project/data/lfw_original/Bertrand_Bonello/Bertrand_Bonello_0001.jpg,/Users/amnahameed/Downloads/cv/facial_filter_project/data/lfw_original/Bertrand_Bonello/Bertrand_Bonello_0002.jpg,1
/Users/amnahameed/Downloads/cv/facial_filter_project/data/lfw_original/Bill_Frist/Bill_Frist_0002.jpg,/Users/amnahameed/Downloads/cv/facial_filter_project/data/lfw_original/Bill_Frist/Bill_Frist_0009.jpg,1
/Users/amnahameed/Downloads/cv/facial_filter_project/data/lfw_original/Bill_Frist/Bill_Frist_0004.jpg,/Users/amnahameed/Downloads/cv/facial_filter_project/data/lfw_original/Bill_Frist/Bill_Frist_0005.jpg,1
/Users/amnahameed/Downloads/cv/facial_filter_project/data/lfw_original/Bob_Graham/Bob_Graham_0002.jpg,/Users/amnahameed/Downloads/cv/facial_filter_project/data/lfw_original/Bob_Graham/Bob_Graham_0004.jpg,1
/Users/amnahameed/Downloads/cv/facial_filter_project/data/lfw_original/Bob_Graham/Bob_Graham_0003.jpg,/Users/amnahameed/Downloads/cv/facial_filter_project/data/lfw_original/Bob_Graham/Bob_Graham_0006.jpg,1
/Users/amnahameed/Downloads/cv/facial_filter_project/data/lfw_original/Bob_Graham/Bob_Graham_0004.jpg,/Users/amnahameed/Downloads/cv/facial_filter_project/data/lfw_original/Bob_Graham/Bob_Graham_0006.jpg,1
/Users/amnahameed/Downloads/cv/facial_filter_project/data/lfw_original/Bob_Graham/Bob_Graham_0005.jpg,/Users/amnahameed/Downloads/cv/facial_filter_project/data/lfw_original/Bob_Graham/Bob_Graham_0006.jpg,1
/Users/amnahameed/Downloads/cv/facial_filter_project/data/lfw_original/Boris_Becker/Boris_Becker_0002.jpg,/Users/amnahameed/Downloads/cv/facial_filter_project/data/lfw_original/Boris_Becker/Boris_Becker_0006.jpg,1
/Users/amnahameed/Downloads/cv/facial_filter_project/data/lfw_original/Brad_Johnson/Brad_Johnson_0001.jpg,/Users/amnahameed/Downloads/cv/facial_filter_project/data/lfw_original/Brad_Johnson/Brad_Johnson_0003.jpg,1
/Users/amnahameed/Downloads/cv/facial_filter_project/data/lfw_original/Brad_Johnson/Brad_Johnson_0002.jpg,/Users/amnahameed/Downloads/cv/facial_filter_project/data/lfw_original/Brad_Johnson/Brad_Johnson_0003.jpg,1
/Users/amnahameed/Downloads/cv/facial_filter_project/data/lfw_original/Brad_Johnson/Brad_Johnson_0002.jpg,/Users/amnahameed/Downloads/cv/facial_filter_project/data/lfw_original/Brad_Johnson/Brad_Johnson_0004.jpg,1
/Users/amnahameed/Downloads/cv/facial_filter_project/data/lfw_original/Brian_Griese/Brian_Griese_0001.jpg,/Users/amnahameed/Downloads/cv/facial_filter_project/data/lfw_original/Brian_Griese/Brian_Griese_0002.jpg,1
/Users/amnahameed/Downloads/cv/facial_filter_project/data/lfw_original/Candice_Bergen/Candice_Bergen_0001.jpg,/Users/amnahameed/Downloads/cv/facial_filter_project/data/lfw_original/Candice_Bergen/Candice_Bergen_0002.jpg,1
/Users/amnahameed/Downloads/cv/facial_filter_project/data/lfw_original/Candice_Bergen/Candice_Bergen_0002.jpg,/Users/amnahameed/Downloads/cv/facial_filter_project/data/lfw_original/Candice_Bergen/Candice_Bergen_0003.jpg,1
/Users/amnahameed/Downloads/cv/facial_filter_project/data/lfw_original/Carla_Myers/Carla_Myers_0001.jpg,/Users/amnahameed/Downloads/cv/facial_filter_project/data/lfw_original/Carla_Myers/Carla_Myers_0002.jpg,1
/Users/amnahameed/Downloads/cv/facial_filter_project/data/lfw_original/Cathy_Freeman/Cathy_Freeman_0001.jpg,/Users/amnahameed/Downloads/cv/facial_filter_project/data/lfw_original/Cathy_Freeman/Cathy_Freeman_0002.jpg,1
/Users/amnahameed/Downloads/cv/facial_filter_project/data/lfw_original/Chang_Dae-whan/Chang_Dae-whan_0001.jpg,/Users/amnahameed/Downloads/cv/facial_filter_project/data/lfw_original/Chang_Dae-whan/Chang_Dae-whan_0002.jpg,1
/Users/amnahameed/Downloads/cv/facial_filter_project/data/lfw_original/Charles_Grassley/Charles_Grassley_0001.jpg,/Users/amnahameed/Downloads/cv/facial_filter_project/data/lfw_original/Charles_Grassley/Charles_Grassley_0002.jpg,1
/Users/amnahameed/Downloads/cv/facial_filter_project/data/lfw_original/Clare_Short/Clare_Short_0001.jpg,/Users/amnahameed/Downloads/cv/facial_filter_project/data/lfw_original/Clare_Short/Clare_Short_0003.jpg,1
/Users/amnahameed/Downloads/cv/facial_filter_project/data/lfw_original/Clare_Short/Clare_Short_0001.jpg,/Users/amnahameed/Downloads/cv/facial_filter_project/data/lfw_original/Clare_Short/Clare_Short_0004.jpg,1
/Users/amnahameed/Downloads/cv/facial_filter_project/data/lfw_original/Corinne_Coman/Corinne_Coman_0001.jpg,/Users/amnahameed/Downloads/cv/facial_filter_project/data/lfw_original/Corinne_Coman/Corinne_Coman_0002.jpg,1
/Users/amnahameed/Downloads/cv/facial_filter_project/data/lfw_original/Dai_Bachtiar/Dai_Bachtiar_0001.jpg,/Users/amnahameed/Downloads/cv/facial_filter_project/data/lfw_original/Dai_Bachtiar/Dai_Bachtiar_0002.jpg,1
/Users/amnahameed/Downloads/cv/facial_filter_project/data/lfw_original/Dale_Earnhardt_Jr/Dale_Earnhardt_Jr_0001.jpg,/Users/amnahameed/Downloads/cv/facial_filter_project/data/lfw_original/Dale_Earnhardt_Jr/Dale_Earnhardt_Jr_0003.jpg,1
/Users/amnahameed/Downloads/cv/facial_filter_project/data/lfw_original/David_Caruso/David_Caruso_0001.jpg,/Users/amnahameed/Downloads/cv/facial_filter_project/data/lfw_original/David_Caruso/David_Caruso_0002.jpg,1
/Users/amnahameed/Downloads/cv/facial_filter_project/data/lfw_original/Demi_Moore/Demi_Moore_0001.jpg,/Users/amnahameed/Downloads/cv/facial_filter_project/data/lfw_original/Demi_Moore/Demi_Moore_0003.jpg,1
/Users/amnahameed/Downloads/cv/facial_filter_project/data/lfw_original/Dick_Vermeil/Dick_Vermeil_0001.jpg,/Users/amnahameed/Downloads/cv/facial_filter_project/data/lfw_original/Dick_Vermeil/Dick_Vermeil_0002.jpg,1
/Users/amnahameed/Downloads/cv/facial_filter_project/data/lfw_original/Doris_Roberts/Doris_Roberts_0001.jpg,/Users/amnahameed/Downloads/cv/facial_filter_project/data/lfw_original/Doris_Roberts/Doris_Roberts_0002.jpg,1
/Users/amnahameed/Downloads/cv/facial_filter_project/data/lfw_original/Doris_Roberts/Doris_Roberts_0001.jpg,/Users/amnahameed/Downloads/cv/facial_filter_project/data/lfw_original/Doris_Roberts/Doris_Roberts_0003.jpg,1
/Users/amnahameed/Downloads/cv/facial_filter_project/data/lfw_original/Drew_Barrymore/Drew_Barrymore_0001.jpg,/Users/amnahameed/Downloads/cv/facial_filter_project/data/lfw_original/Drew_Barrymore/Drew_Barrymore_0002.jpg,1
/Users/amnahameed/Downloads/cv/facial_filter_project/data/lfw_original/Edmund_Stoiber/Edmund_Stoiber_0004.jpg,/Users/amnahameed/Downloads/cv/facial_filter_project/data/lfw_original/Edmund_Stoiber/Edmund_Stoiber_0007.jpg,1
/Users/amnahameed/Downloads/cv/facial_filter_project/data/lfw_original/Edmund_Stoiber/Edmund_Stoiber_0005.jpg,/Users/amnahameed/Downloads/cv/facial_filter_project/data/lfw_original/Edmund_Stoiber/Edmund_Stoiber_0007.jpg,1
/Users/amnahameed/Downloads/cv/facial_filter_project/data/lfw_original/Edmund_Stoiber/Edmund_Stoiber_0007.jpg,/Users/amnahameed/Downloads/cv/facial_filter_project/data/lfw_original/Edmund_Stoiber/Edmund_Stoiber_0012.jpg,1
/Users/amnahameed/Downloads/cv/facial_filter_project/data/lfw_original/Edmund_Stoiber/Edmund_Stoiber_0009.jpg,/Users/amnahameed/Downloads/cv/facial_filter_project/data/lfw_original/Edmund_Stoiber/Edmund_Stoiber_0011.jpg,1
/Users/amnahameed/Downloads/cv/facial_filter_project/data/lfw_original/Elinor_Caplan/Elinor_Caplan_0001.jpg,/Users/amnahameed/Downloads/cv/facial_filter_project/data/lfw_original/Elinor_Caplan/Elinor_Caplan_0002.jpg,1
/Users/amnahameed/Downloads/cv/facial_filter_project/data/lfw_original/Emmanuelle_Beart/Emmanuelle_Beart_0001.jpg,/Users/amnahameed/Downloads/cv/facial_filter_project/data/lfw_original/Emmanuelle_Beart/Emmanuelle_Beart_0002.jpg,1
/Users/amnahameed/Downloads/cv/facial_filter_project/data/lfw_original/Emmanuelle_Beart/Emmanuelle_Beart_0001.jpg,/Users/amnahameed/Downloads/cv/facial_filter_project/data/lfw_original/Emmanuelle_Beart/Emmanuelle_Beart_0003.jpg,1
/Users/amnahameed/Downloads/cv/facial_filter_project/data/lfw_original/Federico_Trillo/Federico_Trillo_0001.jpg,/Users/amnahameed/Downloads/cv/facial_filter_project/data/lfw_original/Federico_Trillo/Federico_Trillo_0002.jpg,1
/Users/amnahameed/Downloads/cv/facial_filter_project/data/lfw_original/Federico_Trillo/Federico_Trillo_0001.jpg,/Users/amnahameed/Downloads/cv/facial_filter_project/data/lfw_original/Federico_Trillo/Federico_Trillo_0003.jpg,1
/Users/amnahameed/Downloads/cv/facial_filter_project/data/lfw_original/Federico_Trillo/Federico_Trillo_0002.jpg,/Users/amnahameed/Downloads/cv/facial_filter_project/data/lfw_original/Federico_Trillo/Federico_Trillo_0003.jpg,1
/Users/amnahameed/Downloads/cv/facial_filter_project/data/lfw_original/Francis_Ford_Coppola/Francis_Ford_Coppola_0001.jpg,/Users/amnahameed/Downloads/cv/facial_filter_project/data/lfw_original/Francis_Ford_Coppola/Francis_Ford_Coppola_0002.jpg,1
/Users/amnahameed/Downloads/cv/facial_filter_project/data/lfw_original/Fred_Thompson/Fred_Thompson_0001.jpg,/Users/amnahameed/Downloads/cv/facial_filter_project/data/lfw_original/Fred_Thompson/Fred_Thompson_0002.jpg,1
/Users/amnahameed/Downloads/cv/facial_filter_project/data/lfw_original/Fred_Thompson/Fred_Thompson_0001.jpg,/Users/amnahameed/Downloads/cv/facial_filter_project/data/lfw_original/Fred_Thompson/Fred_Thompson_0003.jpg,1
/Users/amnahameed/Downloads/cv/facial_filter_project/data/lfw_original/Fred_Thompson/Fred_Thompson_0002.jpg,/Users/amnahameed/Downloads/cv/facial_filter_project/data/lfw_original/Fred_Thompson/Fred_Thompson_0003.jpg,1
/Users/amnahameed/Downloads/cv/facial_filter_project/data/lfw_original/Garry_Trudeau/Garry_Trudeau_0001.jpg,/Users/amnahameed/Downloads/cv/facial_filter_project/data/lfw_original/Garry_Trudeau/Garry_Trudeau_0002.jpg,1
/Users/amnahameed/Downloads/cv/facial_filter_project/data/lfw_original/Gary_Williams/Gary_Williams_0001.jpg,/Users/amnahameed/Downloads/cv/facial_filter_project/data/lfw_original/Gary_Williams/Gary_Williams_0002.jpg,1
/Users/amnahameed/Downloads/cv/facial_filter_project/data/lfw_original/Gene_Robinson/Gene_Robinson_0001.jpg,/Users/amnahameed/Downloads/cv/facial_filter_project/data/lfw_original/Gene_Robinson/Gene_Robinson_0002.jpg,1
/Users/amnahameed/Downloads/cv/facial_filter_project/data/lfw_original/Gene_Robinson/Gene_Robinson_0001.jpg,/Users/amnahameed/Downloads/cv/facial_filter_project/data/lfw_original/Gene_Robinson/Gene_Robinson_0003.jpg,1
/Users/amnahameed/Downloads/cv/facial_filter_project/data/lfw_original/Gene_Robinson/Gene_Robinson_0002.jpg,/Users/amnahameed/Downloads/cv/facial_filter_project/data/lfw_original/Gene_Robinson/Gene_Robinson_0003.jpg,1
/Users/amnahameed/Downloads/cv/facial_filter_project/data/lfw_original/George_Galloway/George_Galloway_0001.jpg,/Users/amnahameed/Downloads/cv/facial_filter_project/data/lfw_original/George_Galloway/George_Galloway_0003.jpg,1
/Users/amnahameed/Downloads/cv/facial_filter_project/data/lfw_original/George_Galloway/George_Galloway_0002.jpg,/Users/amnahameed/Downloads/cv/facial_filter_project/data/lfw_original/George_Galloway/George_Galloway_0003.jpg,1
/Users/amnahameed/Downloads/cv/facial_filter_project/data/lfw_original/George_Galloway/George_Galloway_0002.jpg,/Users/amnahameed/Downloads/cv/facial_filter_project/data/lfw_original/George_Galloway/George_Galloway_0004.jpg,1
/Users/amnahameed/Downloads/cv/facial_filter_project/data/lfw_original/Geraldine_Chaplin/Geraldine_Chaplin_0001.jpg,/Users/amnahameed/Downloads/cv/facial_filter_project/data/lfw_original/Geraldine_Chaplin/Geraldine_Chaplin_0002.jpg,1
/Users/amnahameed/Downloads/cv/facial_filter_project/data/lfw_original/Geraldine_Chaplin/Geraldine_Chaplin_0001.jpg,/Users/amnahameed/Downloads/cv/facial_filter_project/data/lfw_original/Geraldine_Chaplin/Geraldine_Chaplin_0004.jpg,1
/Users/amnahameed/Downloads/cv/facial_filter_project/data/lfw_original/Geraldine_Chaplin/Geraldine_Chaplin_0003.jpg,/Users/amnahameed/Downloads/cv/facial_filter_project/data/lfw_original/Geraldine_Chaplin/Geraldine_Chaplin_0004.jpg,1
/Users/amnahameed/Downloads/cv/facial_filter_project/data/lfw_original/Gerardo_Gambala/Gerardo_Gambala_0001.jpg,/Users/amnahameed/Downloads/cv/facial_filter_project/data/lfw_original/Gerardo_Gambala/Gerardo_Gambala_0002.jpg,1
/Users/amnahameed/Downloads/cv/facial_filter_project/data/lfw_original/Gian_Marco/Gian_Marco_0001.jpg,/Users/amnahameed/Downloads/cv/facial_filter_project/data/lfw_original/Gian_Marco/Gian_Marco_0002.jpg,1
/Users/amnahameed/Downloads/cv/facial_filter_project/data/lfw_original/Gian_Marco/Gian_Marco_0002.jpg,/Users/amnahameed/Downloads/cv/facial_filter_project/data/lfw_original/Gian_Marco/Gian_Marco_0003.jpg,1
/Users/amnahameed/Downloads/cv/facial_filter_project/data/lfw_original/Gillian_Anderson/Gillian_Anderson_0001.jpg,/Users/amnahameed/Downloads/cv/facial_filter_project/data/lfw_original/Gillian_Anderson/Gillian_Anderson_0002.jpg,1
/Users/amnahameed/Downloads/cv/facial_filter_project/data/lfw_original/Gordon_Brown/Gordon_Brown_0006.jpg,/Users/amnahameed/Downloads/cv/facial_filter_project/data/lfw_original/Gordon_Brown/Gordon_Brown_0009.jpg,1
/Users/amnahameed/Downloads/cv/facial_filter_project/data/lfw_original/Gordon_Brown/Gordon_Brown_0010.jpg,/Users/amnahameed/Downloads/cv/facial_filter_project/data/lfw_original/Gordon_Brown/Gordon_Brown_0013.jpg,1
/Users/amnahameed/Downloads/cv/facial_filter_project/data/lfw_original/Grant_Hackett/Grant_Hackett_0001.jpg,/Users/amnahameed/Downloads/cv/facial_filter_project/data/lfw_original/Grant_Hackett/Grant_Hackett_0002.jpg,1
/Users/amnahameed/Downloads/cv/facial_filter_project/data/lfw_original/Grant_Hackett/Grant_Hackett_0001.jpg,/Users/amnahameed/Downloads/cv/facial_filter_project/data/lfw_original/Grant_Hackett/Grant_Hackett_0003.jpg,1
/Users/amnahameed/Downloads/cv/facial_filter_project/data/lfw_original/Grant_Hackett/Grant_Hackett_0001.jpg,/Users/amnahameed/Downloads/cv/facial_filter_project/data/lfw_original/Grant_Hackett/Grant_Hackett_0005.jpg,1
/Users/amnahameed/Downloads/cv/facial_filter_project/data/lfw_original/Gray_Davis/Gray_Davis_0007.jpg,/Users/amnahameed/Downloads/cv/facial_filter_project/data/lfw_original/Gray_Davis/Gray_Davis_0022.jpg,1
/Users/amnahameed/Downloads/cv/facial_filter_project/data/lfw_original/Gray_Davis/Gray_Davis_0021.jpg,/Users/amnahameed/Downloads/cv/facial_filter_project/data/lfw_original/Gray_Davis/Gray_Davis_0026.jpg,1
/Users/amnahameed/Downloads/cv/facial_filter_project/data/lfw_original/Gregg_Popovich/Gregg_Popovich_0001.jpg,/Users/amnahameed/Downloads/cv/facial_filter_project/data/lfw_original/Gregg_Popovich/Gregg_Popovich_0005.jpg,1
/Users/amnahameed/Downloads/cv/facial_filter_project/data/lfw_original/Gregg_Popovich/Gregg_Popovich_0003.jpg,/Users/amnahameed/Downloads/cv/facial_filter_project/data/lfw_original/Gregg_Popovich/Gregg_Popovich_0004.jpg,1
/Users/amnahameed/Downloads/cv/facial_filter_project/data/lfw_original/Guy_Ritchie/Guy_Ritchie_0001.jpg,/Users/amnahameed/Downloads/cv/facial_filter_project/data/lfw_original/Guy_Ritchie/Guy_Ritchie_0002.jpg,1
/Users/amnahameed/Downloads/cv/facial_filter_project/data/lfw_original/Hamzah_Haz/Hamzah_Haz_0001.jpg,/Users/amnahameed/Downloads/cv/facial_filter_project/data/lfw_original/Hamzah_Haz/Hamzah_Haz_0002.jpg,1
/Users/amnahameed/Downloads/cv/facial_filter_project/data/lfw_original/Harbhajan_Singh/Harbhajan_Singh_0001.jpg,/Users/amnahameed/Downloads/cv/facial_filter_project/data/lfw_original/Harbhajan_Singh/Harbhajan_Singh_0002.jpg,1
/Users/amnahameed/Downloads/cv/facial_filter_project/data/lfw_original/Hootie_Johnson/Hootie_Johnson_0001.jpg,/Users/amnahameed/Downloads/cv/facial_filter_project/data/lfw_original/Hootie_Johnson/Hootie_Johnson_0002.jpg,1
/Users/amnahameed/Downloads/cv/facial_filter_project/data/lfw_original/Hugo_Chavez/Hugo_Chavez_0002.jpg,/Users/amnahameed/Downloads/cv/facial_filter_project/data/lfw_original/Hugo_Chavez/Hugo_Chavez_0027.jpg,1
/Users/amnahameed/Downloads/cv/facial_filter_project/data/lfw_original/Hugo_Chavez/Hugo_Chavez_0027.jpg,/Users/amnahameed/Downloads/cv/facial_filter_project/data/lfw_original/Hugo_Chavez/Hugo_Chavez_0053.jpg,1
/Users/amnahameed/Downloads/cv/facial_filter_project/data/lfw_original/Hugo_Chavez/Hugo_Chavez_0036.jpg,/Users/amnahameed/Downloads/cv/facial_filter_project/data/lfw_original/Hugo_Chavez/Hugo_Chavez_0051.jpg,1
/Users/amnahameed/Downloads/cv/facial_filter_project/data/lfw_original/Hugo_Chavez/Hugo_Chavez_0041.jpg,/Users/amnahameed/Downloads/cv/facial_filter_project/data/lfw_original/Hugo_Chavez/Hugo_Chavez_0050.jpg,1
/Users/amnahameed/Downloads/cv/facial_filter_project/data/lfw_original/Hugo_Chavez/Hugo_Chavez_0045.jpg,/Users/amnahameed/Downloads/cv/facial_filter_project/data/lfw_original/Hugo_Chavez/Hugo_Chavez_0056.jpg,1
/Users/amnahameed/Downloads/cv/facial_filter_project/data/lfw_original/Isaiah_Washington/Isaiah_Washington_0001.jpg,/Users/amnahameed/Downloads/cv/facial_filter_project/data/lfw_original/Isaiah_Washington/Isaiah_Washington_0002.jpg,1
/Users/amnahameed/Downloads/cv/facial_filter_project/data/lfw_original/Jack_Grubman/Jack_Grubman_0001.jpg,/Users/amnahameed/Downloads/cv/facial_filter_project/data/lfw_original/Jack_Grubman/Jack_Grubman_0002.jpg,1
/Users/amnahameed/Downloads/cv/facial_filter_project/data/lfw_original/Jacques_Rogge/Jacques_Rogge_0001.jpg,/Users/amnahameed/Downloads/cv/facial_filter_project/data/lfw_original/Jacques_Rogge/Jacques_Rogge_0009.jpg,1
/Users/amnahameed/Downloads/cv/facial_filter_project/data/lfw_original/Jacques_Rogge/Jacques_Rogge_0003.jpg,/Users/amnahameed/Downloads/cv/facial_filter_project/data/lfw_original/Jacques_Rogge/Jacques_Rogge_0007.jpg,1
/Users/amnahameed/Downloads/cv/facial_filter_project/data/lfw_original/Jacques_Rogge/Jacques_Rogge_0003.jpg,/Users/amnahameed/Downloads/cv/facial_filter_project/data/lfw_original/Jacques_Rogge/Jacques_Rogge_0010.jpg,1
/Users/amnahameed/Downloads/cv/facial_filter_project/data/lfw_original/Jacques_Rogge/Jacques_Rogge_0004.jpg,/Users/amnahameed/Downloads/cv/facial_filter_project/data/lfw_original/Jacques_Rogge/Jacques_Rogge_0006.jpg,1
/Users/amnahameed/Downloads/cv/facial_filter_project/data/lfw_original/Jacques_Rogge/Jacques_Rogge_0004.jpg,/Users/amnahameed/Downloads/cv/facial_filter_project/data/lfw_original/Jacques_Rogge/Jacques_Rogge_0009.jpg,1
/Users/amnahameed/Downloads/cv/facial_filter_project/data/lfw_original/Jacques_Rogge/Jacques_Rogge_0005.jpg,/Users/amnahameed/Downloads/cv/facial_filter_project/data/lfw_original/Jacques_Rogge/Jacques_Rogge_0008.jpg,1
/Users/amnahameed/Downloads/cv/facial_filter_project/data/lfw_original/Jacques_Rogge/Jacques_Rogge_0006.jpg,/Users/amnahameed/Downloads/cv/facial_filter_project/data/lfw_original/Jacques_Rogge/Jacques_Rogge_0008.jpg,1
/Users/amnahameed/Downloads/cv/facial_filter_project/data/lfw_original/James_Caan/James_Caan_0001.jpg,/Users/amnahameed/Downloads/cv/facial_filter_project/data/lfw_original/James_Caan/James_Caan_0002.jpg,1
/Users/amnahameed/Downloads/cv/facial_filter_project/data/lfw_original/James_Caan/James_Caan_0001.jpg,/Users/amnahameed/Downloads/cv/facial_filter_project/data/lfw_original/James_Caan/James_Caan_0003.jpg,1
/Users/amnahameed/Downloads/cv/facial_filter_project/data/lfw_original/James_Caan/James_Caan_0002.jpg,/Users/amnahameed/Downloads/cv/facial_filter_project/data/lfw_original/James_Caan/James_Caan_0003.jpg,1
/Users/amnahameed/Downloads/cv/facial_filter_project/data/lfw_original/James_Jones/James_Jones_0001.jpg,/Users/amnahameed/Downloads/cv/facial_filter_project/data/lfw_original/James_Jones/James_Jones_0002.jpg,1
/Users/amnahameed/Downloads/cv/facial_filter_project/data/lfw_original/Jamling_Norgay/Jamling_Norgay_0001.jpg,/Users/amnahameed/Downloads/cv/facial_filter_project/data/lfw_original/Jamling_Norgay/Jamling_Norgay_0002.jpg,1
/Users/amnahameed/Downloads/cv/facial_filter_project/data/lfw_original/Janica_Kostelic/Janica_Kostelic_0001.jpg,/Users/amnahameed/Downloads/cv/facial_filter_project/data/lfw_original/Janica_Kostelic/Janica_Kostelic_0002.jpg,1
/Users/amnahameed/Downloads/cv/facial_filter_project/data/lfw_original/Jeanne_Moreau/Jeanne_Moreau_0001.jpg,/Users/amnahameed/Downloads/cv/facial_filter_project/data/lfw_original/Jeanne_Moreau/Jeanne_Moreau_0002.jpg,1
/Users/amnahameed/Downloads/cv/facial_filter_project/data/lfw_original/Jeffrey_Archer/Jeffrey_Archer_0001.jpg,/Users/amnahameed/Downloads/cv/facial_filter_project/data/lfw_original/Jeffrey_Archer/Jeffrey_Archer_0002.jpg,1
/Users/amnahameed/Downloads/cv/facial_filter_project/data/lfw_original/Jennifer_Garner/Jennifer_Garner_0001.jpg,/Users/amnahameed/Downloads/cv/facial_filter_project/data/lfw_original/Jennifer_Garner/Jennifer_Garner_0003.jpg,1
/Users/amnahameed/Downloads/cv/facial_filter_project/data/lfw_original/Jennifer_Garner/Jennifer_Garner_0004.jpg,/Users/amnahameed/Downloads/cv/facial_filter_project/data/lfw_original/Jennifer_Garner/Jennifer_Garner_0009.jpg,1
/Users/amnahameed/Downloads/cv/facial_filter_project/data/lfw_original/Jennifer_Garner/Jennifer_Garner_0005.jpg,/Users/amnahameed/Downloads/cv/facial_filter_project/data/lfw_original/Jennifer_Garner/Jennifer_Garner_0006.jpg,1
/Users/amnahameed/Downloads/cv/facial_filter_project/data/lfw_original/Jennifer_Garner/Jennifer_Garner_0005.jpg,/Users/amnahameed/Downloads/cv/facial_filter_project/data/lfw_original/Jennifer_Garner/Jennifer_Garner_0009.jpg,1
/Users/amnahameed/Downloads/cv/facial_filter_project/data/lfw_original/Jennifer_Garner/Jennifer_Garner_0007.jpg,/Users/amnahameed/Downloads/cv/facial_filter_project/data/lfw_original/Jennifer_Garner/Jennifer_Garner_0012.jpg,1
/Users/amnahameed/Downloads/cv/facial_filter_project/data/lfw_original/Jennifer_Garner/Jennifer_Garner_0008.jpg,/Users/amnahameed/Downloads/cv/facial_filter_project/data/lfw_original/Jennifer_Garner/Jennifer_Garner_0011.jpg,1
/Users/amnahameed/Downloads/cv/facial_filter_project/data/lfw_original/Jeremy_Greenstock/Jeremy_Greenstock_0002.jpg,/Users/amnahameed/Downloads/cv/facial_filter_project/data/lfw_original/Jeremy_Greenstock/Jeremy_Greenstock_0024.jpg,1
/Users/amnahameed/Downloads/cv/facial_filter_project/data/lfw_original/Jeremy_Greenstock/Jeremy_Greenstock_0003.jpg,/Users/amnahameed/Downloads/cv/facial_filter_project/data/lfw_original/Jeremy_Greenstock/Jeremy_Greenstock_0022.jpg,1
/Users/amnahameed/Downloads/cv/facial_filter_project/data/lfw_original/Jeremy_Greenstock/Jeremy_Greenstock_0005.jpg,/Users/amnahameed/Downloads/cv/facial_filter_project/data/lfw_original/Jeremy_Greenstock/Jeremy_Greenstock_0011.jpg,1
/Users/amnahameed/Downloads/cv/facial_filter_project/data/lfw_original/Jeremy_Greenstock/Jeremy_Greenstock_0010.jpg,/Users/amnahameed/Downloads/cv/facial_filter_project/data/lfw_original/Jeremy_Greenstock/Jeremy_Greenstock_0014.jpg,1
/Users/amnahameed/Downloads/cv/facial_filter_project/data/lfw_original/Jeremy_Greenstock/Jeremy_Greenstock_0017.jpg,/Users/amnahameed/Downloads/cv/facial_filter_project/data/lfw_original/Jeremy_Greenstock/Jeremy_Greenstock_0021.jpg,1
/Users/amnahameed/Downloads/cv/facial_filter_project/data/lfw_original/Jessica_Lange/Jessica_Lange_0001.jpg,/Users/amnahameed/Downloads/cv/facial_filter_project/data/lfw_original/Jessica_Lange/Jessica_Lange_0002.jpg,1
/Users/amnahameed/Downloads/cv/facial_filter_project/data/lfw_original/Jimmy_Carter/Jimmy_Carter_0001.jpg,/Users/amnahameed/Downloads/cv/facial_filter_project/data/lfw_original/Jimmy_Carter/Jimmy_Carter_0007.jpg,1
/Users/amnahameed/Downloads/cv/facial_filter_project/data/lfw_original/Jimmy_Carter/Jimmy_Carter_0004.jpg,/Users/amnahameed/Downloads/cv/facial_filter_project/data/lfw_original/Jimmy_Carter/Jimmy_Carter_0006.jpg,1
/Users/amnahameed/Downloads/cv/facial_filter_project/data/lfw_original/Jimmy_Carter/Jimmy_Carter_0005.jpg,/Users/amnahameed/Downloads/cv/facial_filter_project/data/lfw_original/Jimmy_Carter/Jimmy_Carter_0008.jpg,1
/Users/amnahameed/Downloads/cv/facial_filter_project/data/lfw_original/Jimmy_Carter/Jimmy_Carter_0006.jpg,/Users/amnahameed/Downloads/cv/facial_filter_project/data/lfw_original/Jimmy_Carter/Jimmy_Carter_0007.jpg,1
/Users/amnahameed/Downloads/cv/facial_filter_project/data/lfw_original/Jodie_Foster/Jodie_Foster_0001.jpg,/Users/amnahameed/Downloads/cv/facial_filter_project/data/lfw_original/Jodie_Foster/Jodie_Foster_0002.jpg,1
/Users/amnahameed/Downloads/cv/facial_filter_project/data/lfw_original/John_Manley/John_Manley_0001.jpg,/Users/amnahameed/Downloads/cv/facial_filter_project/data/lfw_original/John_Manley/John_Manley_0006.jpg,1
/Users/amnahameed/Downloads/cv/facial_filter_project/data/lfw_original/John_Manley/John_Manley_0002.jpg,/Users/amnahameed/Downloads/cv/facial_filter_project/data/lfw_original/John_Manley/John_Manley_0005.jpg,1
/Users/amnahameed/Downloads/cv/facial_filter_project/data/lfw_original/John_McCain/John_McCain_0002.jpg,/Users/amnahameed/Downloads/cv/facial_filter_project/data/lfw_original/John_McCain/John_McCain_0003.jpg,1
/Users/amnahameed/Downloads/cv/facial_filter_project/data/lfw_original/John_McCain/John_McCain_0003.jpg,/Users/amnahameed/Downloads/cv/facial_filter_project/data/lfw_original/John_McCain/John_McCain_0007.jpg,1
/Users/amnahameed/Downloads/cv/facial_filter_project/data/lfw_original/John_McCain/John_McCain_0006.jpg,/Users/amnahameed/Downloads/cv/facial_filter_project/data/lfw_original/John_McCain/John_McCain_0007.jpg,1
/Users/amnahameed/Downloads/cv/facial_filter_project/data/lfw_original/John_Snow/John_Snow_0003.jpg,/Users/amnahameed/Downloads/cv/facial_filter_project/data/lfw_original/John_Snow/John_Snow_0015.jpg,1
/Users/amnahameed/Downloads/cv/facial_filter_project/data/lfw_original/John_Snow/John_Snow_0004.jpg,/Users/amnahameed/Downloads/cv/facial_filter_project/data/lfw_original/John_Snow/John_Snow_0016.jpg,1
/Users/amnahameed/Downloads/cv/facial_filter_project/data/lfw_original/John_Snow/John_Snow_0009.jpg,/Users/amnahameed/Downloads/cv/facial_filter_project/data/lfw_original/John_Snow/John_Snow_0011.jpg,1
/Users/amnahameed/Downloads/cv/facial_filter_project/data/lfw_original/Johnson_Panjaitan/Johnson_Panjaitan_0001.jpg,/Users/amnahameed/Downloads/cv/facial_filter_project/data/lfw_original/Johnson_Panjaitan/Johnson_Panjaitan_0002.jpg,1
/Users/amnahameed/Downloads/cv/facial_filter_project/data/lfw_original/Jorge_Castaneda/Jorge_Castaneda_0001.jpg,/Users/amnahameed/Downloads/cv/facial_filter_project/data/lfw_original/Jorge_Castaneda/Jorge_Castaneda_0002.jpg,1
/Users/amnahameed/Downloads/cv/facial_filter_project/data/lfw_original/Jose_Serra/Jose_Serra_0001.jpg,/Users/amnahameed/Downloads/cv/facial_filter_project/data/lfw_original/Jose_Serra/Jose_Serra_0009.jpg,1
/Users/amnahameed/Downloads/cv/facial_filter_project/data/lfw_original/Jose_Serra/Jose_Serra_0002.jpg,/Users/amnahameed/Downloads/cv/facial_filter_project/data/lfw_original/Jose_Serra/Jose_Serra_0008.jpg,1
/Users/amnahameed/Downloads/cv/facial_filter_project/data/lfw_original/Jose_Serra/Jose_Serra_0003.jpg,/Users/amnahameed/Downloads/cv/facial_filter_project/data/lfw_original/Jose_Serra/Jose_Serra_0005.jpg,1
/Users/amnahameed/Downloads/cv/facial_filter_project/data/lfw_original/Jose_Serra/Jose_Serra_0003.jpg,/Users/amnahameed/Downloads/cv/facial_filter_project/data/lfw_original/Jose_Serra/Jose_Serra_0007.jpg,1
/Users/amnahameed/Downloads/cv/facial_filter_project/data/lfw_original/Jose_Serra/Jose_Serra_0006.jpg,/Users/amnahameed/Downloads/cv/facial_filter_project/data/lfw_original/Jose_Serra/Jose_Serra_0009.jpg,1
/Users/amnahameed/Downloads/cv/facial_filter_project/data/lfw_original/Jose_Theodore/Jose_Theodore_0001.jpg,/Users/amnahameed/Downloads/cv/facial_filter_project/data/lfw_original/Jose_Theodore/Jose_Theodore_0002.jpg,1
/Users/amnahameed/Downloads/cv/facial_filter_project/data/lfw_original/Joseph_Blatter/Joseph_Blatter_0001.jpg,/Users/amnahameed/Downloads/cv/facial_filter_project/data/lfw_original/Joseph_Blatter/Joseph_Blatter_0002.jpg,1
/Users/amnahameed/Downloads/cv/facial_filter_project/data/lfw_original/Joseph_Ralston/Joseph_Ralston_0001.jpg,/Users/amnahameed/Downloads/cv/facial_filter_project/data/lfw_original/Joseph_Ralston/Joseph_Ralston_0002.jpg,1
/Users/amnahameed/Downloads/cv/facial_filter_project/data/lfw_original/Juan_Pablo_Montoya/Juan_Pablo_Montoya_0001.jpg,/Users/amnahameed/Downloads/cv/facial_filter_project/data/lfw_original/Juan_Pablo_Montoya/Juan_Pablo_Montoya_0008.jpg,1
/Users/amnahameed/Downloads/cv/facial_filter_project/data/lfw_original/Juan_Pablo_Montoya/Juan_Pablo_Montoya_0002.jpg,/Users/amnahameed/Downloads/cv/facial_filter_project/data/lfw_original/Juan_Pablo_Montoya/Juan_Pablo_Montoya_0004.jpg,1
/Users/amnahameed/Downloads/cv/facial_filter_project/data/lfw_original/Juan_Pablo_Montoya/Juan_Pablo_Montoya_0004.jpg,/Users/amnahameed/Downloads/cv/facial_filter_project/data/lfw_original/Juan_Pablo_Montoya/Juan_Pablo_Montoya_0005.jpg,1
/Users/amnahameed/Downloads/cv/facial_filter_project/data/lfw_original/Julianna_Margulies/Julianna_Margulies_0001.jpg,/Users/amnahameed/Downloads/cv/facial_filter_project/data/lfw_original/Julianna_Margulies/Julianna_Margulies_0002.jpg,1
/Users/amnahameed/Downloads/cv/facial_filter_project/data/lfw_original/Justin_Guarini/Justin_Guarini_0001.jpg,/Users/amnahameed/Downloads/cv/facial_filter_project/data/lfw_original/Justin_Guarini/Justin_Guarini_0002.jpg,1
/Users/amnahameed/Downloads/cv/facial_filter_project/data/lfw_original/Justin_Guarini/Justin_Guarini_0002.jpg,/Users/amnahameed/Downloads/cv/facial_filter_project/data/lfw_original/Justin_Guarini/Justin_Guarini_0003.jpg,1
/Users/amnahameed/Downloads/cv/facial_filter_project/data/lfw_original/Justine_Henin/Justine_Henin_0002.jpg,/Users/amnahameed/Downloads/cv/facial_filter_project/data/lfw_original/Justine_Henin/Justine_Henin_0003.jpg,1
/Users/amnahameed/Downloads/cv/facial_filter_project/data/lfw_original/Kate_Winslet/Kate_Winslet_0001.jpg,/Users/amnahameed/Downloads/cv/facial_filter_project/data/lfw_original/Kate_Winslet/Kate_Winslet_0002.jpg,1
/Users/amnahameed/Downloads/cv/facial_filter_project/data/lfw_original/Kate_Winslet/Kate_Winslet_0001.jpg,/Users/amnahameed/Downloads/cv/facial_filter_project/data/lfw_original/Kate_Winslet/Kate_Winslet_0004.jpg,1
/Users/amnahameed/Downloads/cv/facial_filter_project/data/lfw_original/Kate_Winslet/Kate_Winslet_0002.jpg,/Users/amnahameed/Downloads/cv/facial_filter_project/data/lfw_original/Kate_Winslet/Kate_Winslet_0003.jpg,1
/Users/amnahameed/Downloads/cv/facial_filter_project/data/lfw_original/Kate_Winslet/Kate_Winslet_0002.jpg,/Users/amnahameed/Downloads/cv/facial_filter_project/data/lfw_original/Kate_Winslet/Kate_Winslet_0004.jpg,1
/Users/amnahameed/Downloads/cv/facial_filter_project/data/lfw_original/Kathy_Winters/Kathy_Winters_0001.jpg,/Users/amnahameed/Downloads/cv/facial_filter_project/data/lfw_original/Kathy_Winters/Kathy_Winters_0002.jpg,1
/Users/amnahameed/Downloads/cv/facial_filter_project/data/lfw_original/Kelvin_Sampson/Kelvin_Sampson_0001.jpg,/Users/amnahameed/Downloads/cv/facial_filter_project/data/lfw_original/Kelvin_Sampson/Kelvin_Sampson_0002.jpg,1
/Users/amnahameed/Downloads/cv/facial_filter_project/data/lfw_original/Kevin_Stallings/Kevin_Stallings_0001.jpg,/Users/amnahameed/Downloads/cv/facial_filter_project/data/lfw_original/Kevin_Stallings/Kevin_Stallings_0002.jpg,1
/Users/amnahameed/Downloads/cv/facial_filter_project/data/lfw_original/Kim_Jong-Il/Kim_Jong-Il_0002.jpg,/Users/amnahameed/Downloads/cv/facial_filter_project/data/lfw_original/Kim_Jong-Il/Kim_Jong-Il_0003.jpg,1
/Users/amnahameed/Downloads/cv/facial_filter_project/data/lfw_original/Kristin_Davis/Kristin_Davis_0001.jpg,/Users/amnahameed/Downloads/cv/facial_filter_project/data/lfw_original/Kristin_Davis/Kristin_Davis_0002.jpg,1
/Users/amnahameed/Downloads/cv/facial_filter_project/data/lfw_original/Kristin_Davis/Kristin_Davis_0002.jpg,/Users/amnahameed/Downloads/cv/facial_filter_project/data/lfw_original/Kristin_Davis/Kristin_Davis_0003.jpg,1
/Users/amnahameed/Downloads/cv/facial_filter_project/data/lfw_original/Lance_Armstrong/Lance_Armstrong_0001.jpg,/Users/amnahameed/Downloads/cv/facial_filter_project/data/lfw_original/Lance_Armstrong/Lance_Armstrong_0017.jpg,1
/Users/amnahameed/Downloads/cv/facial_filter_project/data/lfw_original/Lance_Armstrong/Lance_Armstrong_0005.jpg,/Users/amnahameed/Downloads/cv/facial_filter_project/data/lfw_original/Lance_Armstrong/Lance_Armstrong_0010.jpg,1
/Users/amnahameed/Downloads/cv/facial_filter_project/data/lfw_original/Lance_Armstrong/Lance_Armstrong_0007.jpg,/Users/amnahameed/Downloads/cv/facial_filter_project/data/lfw_original/Lance_Armstrong/Lance_Armstrong_0011.jpg,1
/Users/amnahameed/Downloads/cv/facial_filter_project/data/lfw_original/Lance_Armstrong/Lance_Armstrong_0010.jpg,/Users/amnahameed/Downloads/cv/facial_filter_project/data/lfw_original/Lance_Armstrong/Lance_Armstrong_0018.jpg,1
/Users/amnahameed/Downloads/cv/facial_filter_project/data/lfw_original/Lance_Armstrong/Lance_Armstrong_0014.jpg,/Users/amnahameed/Downloads/cv/facial_filter_project/data/lfw_original/Lance_Armstrong/Lance_Armstrong_0017.jpg,1
/Users/amnahameed/Downloads/cv/facial_filter_project/data/lfw_original/Laurent_Jalabert/Laurent_Jalabert_0001.jpg,/Users/amnahameed/Downloads/cv/facial_filter_project/data/lfw_original/Laurent_Jalabert/Laurent_Jalabert_0002.jpg,1
/Users/amnahameed/Downloads/cv/facial_filter_project/data/lfw_original/Lindsey_Graham/Lindsey_Graham_0001.jpg,/Users/amnahameed/Downloads/cv/facial_filter_project/data/lfw_original/Lindsey_Graham/Lindsey_Graham_0002.jpg,1
/Users/amnahameed/Downloads/cv/facial_filter_project/data/lfw_original/Lisa_Gottsegen/Lisa_Gottsegen_0001.jpg,/Users/amnahameed/Downloads/cv/facial_filter_project/data/lfw_original/Lisa_Gottsegen/Lisa_Gottsegen_0002.jpg,1
/Users/amnahameed/Downloads/cv/facial_filter_project/data/lfw_original/Lleyton_Hewitt/Lleyton_Hewitt_0001.jpg,/Users/amnahameed/Downloads/cv/facial_filter_project/data/lfw_original/Lleyton_Hewitt/Lleyton_Hewitt_0013.jpg,1
/Users/amnahameed/Downloads/cv/facial_filter_project/data/lfw_original/Lleyton_Hewitt/Lleyton_Hewitt_0016.jpg,/Users/amnahameed/Downloads/cv/facial_filter_project/data/lfw_original/Lleyton_Hewitt/Lleyton_Hewitt_0027.jpg,1
/Users/amnahameed/Downloads/cv/facial_filter_project/data/lfw_original/Lleyton_Hewitt/Lleyton_Hewitt_0018.jpg,/Users/amnahameed/Downloads/cv/facial_filter_project/data/lfw_original/Lleyton_Hewitt/Lleyton_Hewitt_0037.jpg,1
/Users/amnahameed/Downloads/cv/facial_filter_project/data/lfw_original/Lleyton_Hewitt/Lleyton_Hewitt_0024.jpg,/Users/amnahameed/Downloads/cv/facial_filter_project/data/lfw_original/Lleyton_Hewitt/Lleyton_Hewitt_0036.jpg,1
/Users/amnahameed/Downloads/cv/facial_filter_project/data/lfw_original/Luis_Ernesto_Derbez_Bautista/Luis_Ernesto_Derbez_Bautista_0003.jpg,/Users/amnahameed/Downloads/cv/facial_filter_project/data/lfw_original/Luis_Ernesto_Derbez_Bautista/Luis_Ernesto_Derbez_Bautista_0006.jpg,1
/Users/amnahameed/Downloads/cv/facial_filter_project/data/lfw_original/Mario_Dumont/Mario_Dumont_0001.jpg,/Users/amnahameed/Downloads/cv/facial_filter_project/data/lfw_original/Mario_Dumont/Mario_Dumont_0002.jpg,1
/Users/amnahameed/Downloads/cv/facial_filter_project/data/lfw_original/Mark_Wahlberg/Mark_Wahlberg_0001.jpg,/Users/amnahameed/Downloads/cv/facial_filter_project/data/lfw_original/Mark_Wahlberg/Mark_Wahlberg_0003.jpg,1
/Users/amnahameed/Downloads/cv/facial_filter_project/data/lfw_original/Mark_Wahlberg/Mark_Wahlberg_0002.jpg,/Users/amnahameed/Downloads/cv/facial_filter_project/data/lfw_original/Mark_Wahlberg/Mark_Wahlberg_0003.jpg,1
/Users/amnahameed/Downloads/cv/facial_filter_project/data/lfw_original/Mark_Wahlberg/Mark_Wahlberg_0002.jpg,/Users/amnahameed/Downloads/cv/facial_filter_project/data/lfw_original/Mark_Wahlberg/Mark_Wahlberg_0004.jpg,1
/Users/amnahameed/Downloads/cv/facial_filter_project/data/lfw_original/Marlene_Weingartner/Marlene_Weingartner_0001.jpg,/Users/amnahameed/Downloads/cv/facial_filter_project/data/lfw_original/Marlene_Weingartner/Marlene_Weingartner_0002.jpg,1
/Users/amnahameed/Downloads/cv/facial_filter_project/data/lfw_original/Martha_Bowen/Martha_Bowen_0001.jpg,/Users/amnahameed/Downloads/cv/facial_filter_project/data/lfw_original/Martha_Bowen/Martha_Bowen_0002.jpg,1
/Users/amnahameed/Downloads/cv/facial_filter_project/data/lfw_original/Martin_Cauchon/Martin_Cauchon_0001.jpg,/Users/amnahameed/Downloads/cv/facial_filter_project/data/lfw_original/Martin_Cauchon/Martin_Cauchon_0002.jpg,1
/Users/amnahameed/Downloads/cv/facial_filter_project/data/lfw_original/Martin_Hoellwarth/Martin_Hoellwarth_0001.jpg,/Users/amnahameed/Downloads/cv/facial_filter_project/data/lfw_original/Martin_Hoellwarth/Martin_Hoellwarth_0002.jpg,1
/Users/amnahameed/Downloads/cv/facial_filter_project/data/lfw_original/Martin_Sheen/Martin_Sheen_0001.jpg,/Users/amnahameed/Downloads/cv/facial_filter_project/data/lfw_original/Martin_Sheen/Martin_Sheen_0002.jpg,1
/Users/amnahameed/Downloads/cv/facial_filter_project/data/lfw_original/Matthew_Broderick/Matthew_Broderick_0001.jpg,/Users/amnahameed/Downloads/cv/facial_filter_project/data/lfw_original/Matthew_Broderick/Matthew_Broderick_0004.jpg,1
/Users/amnahameed/Downloads/cv/facial_filter_project/data/lfw_original/Matthew_Broderick/Matthew_Broderick_0002.jpg,/Users/amnahameed/Downloads/cv/facial_filter_project/data/lfw_original/Matthew_Broderick/Matthew_Broderick_0003.jpg,1
/Users/amnahameed/Downloads/cv/facial_filter_project/data/lfw_original/Mike_Krzyzewski/Mike_Krzyzewski_0001.jpg,/Users/amnahameed/Downloads/cv/facial_filter_project/data/lfw_original/Mike_Krzyzewski/Mike_Krzyzewski_0006.jpg,1
/Users/amnahameed/Downloads/cv/facial_filter_project/data/lfw_original/Mikhail_Gorbachev/Mikhail_Gorbachev_0001.jpg,/Users/amnahameed/Downloads/cv/facial_filter_project/data/lfw_original/Mikhail_Gorbachev/Mikhail_Gorbachev_0002.jpg,1
/Users/amnahameed/Downloads/cv/facial_filter_project/data/lfw_original/Monica_Bellucci/Monica_Bellucci_0001.jpg,/Users/amnahameed/Downloads/cv/facial_filter_project/data/lfw_original/Monica_Bellucci/Monica_Bellucci_0004.jpg,1
/Users/amnahameed/Downloads/cv/facial_filter_project/data/lfw_original/Monica_Bellucci/Monica_Bellucci_0002.jpg,/Users/amnahameed/Downloads/cv/facial_filter_project/data/lfw_original/Monica_Bellucci/Monica_Bellucci_0004.jpg,1
/Users/amnahameed/Downloads/cv/facial_filter_project/data/lfw_original/Naomi_Campbell/Naomi_Campbell_0001.jpg,/Users/amnahameed/Downloads/cv/facial_filter_project/data/lfw_original/Naomi_Campbell/Naomi_Campbell_0002.jpg,1
/Users/amnahameed/Downloads/cv/facial_filter_project/data/lfw_original/Nestor_Kirchner/Nestor_Kirchner_0003.jpg,/Users/amnahameed/Downloads/cv/facial_filter_project/data/lfw_original/Nestor_Kirchner/Nestor_Kirchner_0030.jpg,1
/Users/amnahameed/Downloads/cv/facial_filter_project/data/lfw_original/Nestor_Kirchner/Nestor_Kirchner_0012.jpg,/Users/amnahameed/Downloads/cv/facial_filter_project/data/lfw_original/Nestor_Kirchner/Nestor_Kirchner_0021.jpg,1
/Users/amnahameed/Downloads/cv/facial_filter_project/data/lfw_original/Nestor_Kirchner/Nestor_Kirchner_0017.jpg,/Users/amnahameed/Downloads/cv/facial_filter_project/data/lfw_original/Nestor_Kirchner/Nestor_Kirchner_0025.jpg,1
/Users/amnahameed/Downloads/cv/facial_filter_project/data/lfw_original/Nicolas_Lapentti/Nicolas_Lapentti_0001.jpg,/Users/amnahameed/Downloads/cv/facial_filter_project/data/lfw_original/Nicolas_Lapentti/Nicolas_Lapentti_0002.jpg,1
/Users/amnahameed/Downloads/cv/facial_filter_project/data/lfw_original/Noah_Wyle/Noah_Wyle_0002.jpg,/Users/amnahameed/Downloads/cv/facial_filter_project/data/lfw_original/Noah_Wyle/Noah_Wyle_0003.jpg,1
/Users/amnahameed/Downloads/cv/facial_filter_project/data/lfw_original/Nora_Bendijo/Nora_Bendijo_0001.jpg,/Users/amnahameed/Downloads/cv/facial_filter_project/data/lfw_original/Nora_Bendijo/Nora_Bendijo_0002.jpg,1
/Users/amnahameed/Downloads/cv/facial_filter_project/data/lfw_original/Nursultan_Nazarbayev/Nursultan_Nazarbayev_0001.jpg,/Users/amnahameed/Downloads/cv/facial_filter_project/data/lfw_original/Nursultan_Nazarbayev/Nursultan_Nazarbayev_0002.jpg,1
/Users/amnahameed/Downloads/cv/facial_filter_project/data/lfw_original/Pamela_Anderson/Pamela_Anderson_0001.jpg,/Users/amnahameed/Downloads/cv/facial_filter_project/data/lfw_original/Pamela_Anderson/Pamela_Anderson_0002.jpg,1
/Users/amnahameed/Downloads/cv/facial_filter_project/data/lfw_original/Pamela_Anderson/Pamela_Anderson_0001.jpg,/Users/amnahameed/Downloads/cv/facial_filter_project/data/lfw_original/Pamela_Anderson/Pamela_Anderson_0005.jpg,1
/Users/amnahameed/Downloads/cv/facial_filter_project/data/lfw_original/Patricia_Heaton/Patricia_Heaton_0001.jpg,/Users/amnahameed/Downloads/cv/facial_filter_project/data/lfw_original/Patricia_Heaton/Patricia_Heaton_0002.jpg,1
/Users/amnahameed/Downloads/cv/facial_filter_project/data/lfw_original/Patty_Schnyder/Patty_Schnyder_0001.jpg,/Users/amnahameed/Downloads/cv/facial_filter_project/data/lfw_original/Patty_Schnyder/Patty_Schnyder_0002.jpg,1
/Users/amnahameed/Downloads/cv/facial_filter_project/data/lfw_original/Patty_Schnyder/Patty_Schnyder_0002.jpg,/Users/amnahameed/Downloads/cv/facial_filter_project/data/lfw_original/Patty_Schnyder/Patty_Schnyder_0003.jpg,1
/Users/amnahameed/Downloads/cv/facial_filter_project/data/lfw_original/Patty_Schnyder/Patty_Schnyder_0002.jpg,/Users/amnahameed/Downloads/cv/facial_filter_project/data/lfw_original/Patty_Schnyder/Patty_Schnyder_0004.jpg,1
/Users/amnahameed/Downloads/cv/facial_filter_project/data/lfw_original/Patty_Schnyder/Patty_Schnyder_0003.jpg,/Users/amnahameed/Downloads/cv/facial_filter_project/data/lfw_original/Patty_Schnyder/Patty_Schnyder_0004.jpg,1
/Users/amnahameed/Downloads/cv/facial_filter_project/data/lfw_original/Paul_Bremer/Paul_Bremer_0006.jpg,/Users/amnahameed/Downloads/cv/facial_filter_project/data/lfw_original/Paul_Bremer/Paul_Bremer_0017.jpg,1
/Users/amnahameed/Downloads/cv/facial_filter_project/data/lfw_original/Paul_Bremer/Paul_Bremer_0007.jpg,/Users/amnahameed/Downloads/cv/facial_filter_project/data/lfw_original/Paul_Bremer/Paul_Bremer_0010.jpg,1
/Users/amnahameed/Downloads/cv/facial_filter_project/data/lfw_original/Paul_Bremer/Paul_Bremer_0009.jpg,/Users/amnahameed/Downloads/cv/facial_filter_project/data/lfw_original/Paul_Bremer/Paul_Bremer_0015.jpg,1
/Users/amnahameed/Downloads/cv/facial_filter_project/data/lfw_original/Paul_Bremer/Paul_Bremer_0014.jpg,/Users/amnahameed/Downloads/cv/facial_filter_project/data/lfw_original/Paul_Bremer/Paul_Bremer_0016.jpg,1
/Users/amnahameed/Downloads/cv/facial_filter_project/data/lfw_original/Paul_Sarbanes/Paul_Sarbanes_0001.jpg,/Users/amnahameed/Downloads/cv/facial_filter_project/data/lfw_original/Paul_Sarbanes/Paul_Sarbanes_0003.jpg,1
/Users/amnahameed/Downloads/cv/facial_filter_project/data/lfw_original/Paul_Sarbanes/Paul_Sarbanes_0002.jpg,/Users/amnahameed/Downloads/cv/facial_filter_project/data/lfw_original/Paul_Sarbanes/Paul_Sarbanes_0003.jpg,1
/Users/amnahameed/Downloads/cv/facial_filter_project/data/lfw_original/Paul_William_Hurley/Paul_William_Hurley_0001.jpg,/Users/amnahameed/Downloads/cv/facial_filter_project/data/lfw_original/Paul_William_Hurley/Paul_William_Hurley_0002.jpg,1
/Users/amnahameed/Downloads/cv/facial_filter_project/data/lfw_original/Pervez_Musharraf/Pervez_Musharraf_0001.jpg,/Users/amnahameed/Downloads/cv/facial_filter_project/data/lfw_original/Pervez_Musharraf/Pervez_Musharraf_0006.jpg,1
/Users/amnahameed/Downloads/cv/facial_filter_project/data/lfw_original/Pervez_Musharraf/Pervez_Musharraf_0002.jpg,/Users/amnahameed/Downloads/cv/facial_filter_project/data/lfw_original/Pervez_Musharraf/Pervez_Musharraf_0016.jpg,1
/Users/amnahameed/Downloads/cv/facial_filter_project/data/lfw_original/Pervez_Musharraf/Pervez_Musharraf_0003.jpg,/Users/amnahameed/Downloads/cv/facial_filter_project/data/lfw_original/Pervez_Musharraf/Pervez_Musharraf_0010.jpg,1
/Users/amnahameed/Downloads/cv/facial_filter_project/data/lfw_original/Pervez_Musharraf/Pervez_Musharraf_0004.jpg,/Users/amnahameed/Downloads/cv/facial_filter_project/data/lfw_original/Pervez_Musharraf/Pervez_Musharraf_0014.jpg,1
/Users/amnahameed/Downloads/cv/facial_filter_project/data/lfw_original/Pervez_Musharraf/Pervez_Musharraf_0005.jpg,/Users/amnahameed/Downloads/cv/facial_filter_project/data/lfw_original/Pervez_Musharraf/Pervez_Musharraf_0007.jpg,1
/Users/amnahameed/Downloads/cv/facial_filter_project/data/lfw_original/Pervez_Musharraf/Pervez_Musharraf_0005.jpg,/Users/amnahameed/Downloads/cv/facial_filter_project/data/lfw_original/Pervez_Musharraf/Pervez_Musharraf_0015.jpg,1
/Users/amnahameed/Downloads/cv/facial_filter_project/data/lfw_original/Phil_Gramm/Phil_Gramm_0001.jpg,/Users/amnahameed/Downloads/cv/facial_filter_project/data/lfw_original/Phil_Gramm/Phil_Gramm_0002.jpg,1
/Users/amnahameed/Downloads/cv/facial_filter_project/data/lfw_original/Prince_Edward/Prince_Edward_0001.jpg,/Users/amnahameed/Downloads/cv/facial_filter_project/data/lfw_original/Prince_Edward/Prince_Edward_0002.jpg,1
/Users/amnahameed/Downloads/cv/facial_filter_project/data/lfw_original/Ricardo_Lagos/Ricardo_Lagos_0003.jpg,/Users/amnahameed/Downloads/cv/facial_filter_project/data/lfw_original/Ricardo_Lagos/Ricardo_Lagos_0012.jpg,1
/Users/amnahameed/Downloads/cv/facial_filter_project/data/lfw_original/Ricardo_Lagos/Ricardo_Lagos_0023.jpg,/Users/amnahameed/Downloads/cv/facial_filter_project/data/lfw_original/Ricardo_Lagos/Ricardo_Lagos_0027.jpg,1
/Users/amnahameed/Downloads/cv/facial_filter_project/data/lfw_original/Ricardo_Monasterio/Ricardo_Monasterio_0001.jpg,/Users/amnahameed/Downloads/cv/facial_filter_project/data/lfw_original/Ricardo_Monasterio/Ricardo_Monasterio_0002.jpg,1
/Users/amnahameed/Downloads/cv/facial_filter_project/data/lfw_original/Rich_Gannon/Rich_Gannon_0001.jpg,/Users/amnahameed/Downloads/cv/facial_filter_project/data/lfw_original/Rich_Gannon/Rich_Gannon_0002.jpg,1
/Users/amnahameed/Downloads/cv/facial_filter_project/data/lfw_original/Rick_Perry/Rick_Perry_0001.jpg,/Users/amnahameed/Downloads/cv/facial_filter_project/data/lfw_original/Rick_Perry/Rick_Perry_0004.jpg,1
/Users/amnahameed/Downloads/cv/facial_filter_project/data/lfw_original/Rick_Perry/Rick_Perry_0001.jpg,/Users/amnahameed/Downloads/cv/facial_filter_project/data/lfw_original/Rick_Perry/Rick_Perry_0005.jpg,1
/Users/amnahameed/Downloads/cv/facial_filter_project/data/lfw_original/Rick_Perry/Rick_Perry_0002.jpg,/Users/amnahameed/Downloads/cv/facial_filter_project/data/lfw_original/Rick_Perry/Rick_Perry_0004.jpg,1
/Users/amnahameed/Downloads/cv/facial_filter_project/data/lfw_original/Rick_Perry/Rick_Perry_0003.jpg,/Users/amnahameed/Downloads/cv/facial_filter_project/data/lfw_original/Rick_Perry/Rick_Perry_0004.jpg,1
/Users/amnahameed/Downloads/cv/facial_filter_project/data/lfw_original/Robert_Bonner/Robert_Bonner_0002.jpg,/Users/amnahameed/Downloads/cv/facial_filter_project/data/lfw_original/Robert_Bonner/Robert_Bonner_0003.jpg,1
/Users/amnahameed/Downloads/cv/facial_filter_project/data/lfw_original/Robert_Evans/Robert_Evans_0002.jpg,/Users/amnahameed/Downloads/cv/facial_filter_project/data/lfw_original/Robert_Evans/Robert_Evans_0003.jpg,1
/Users/amnahameed/Downloads/cv/facial_filter_project/data/lfw_original/Robert_Fico/Robert_Fico_0001.jpg,/Users/amnahameed/Downloads/cv/facial_filter_project/data/lfw_original/Robert_Fico/Robert_Fico_0002.jpg,1
/Users/amnahameed/Downloads/cv/facial_filter_project/data/lfw_original/Romano_Prodi/Romano_Prodi_0003.jpg,/Users/amnahameed/Downloads/cv/facial_filter_project/data/lfw_original/Romano_Prodi/Romano_Prodi_0005.jpg,1
/Users/amnahameed/Downloads/cv/facial_filter_project/data/lfw_original/Roy_Moore/Roy_Moore_0002.jpg,/Users/amnahameed/Downloads/cv/facial_filter_project/data/lfw_original/Roy_Moore/Roy_Moore_0005.jpg,1
/Users/amnahameed/Downloads/cv/facial_filter_project/data/lfw_original/Roy_Moore/Roy_Moore_0003.jpg,/Users/amnahameed/Downloads/cv/facial_filter_project/data/lfw_original/Roy_Moore/Roy_Moore_0006.jpg,1
/Users/amnahameed/Downloads/cv/facial_filter_project/data/lfw_original/Sachiko_Yamada/Sachiko_Yamada_0001.jpg,/Users/amnahameed/Downloads/cv/facial_filter_project/data/lfw_original/Sachiko_Yamada/Sachiko_Yamada_0002.jpg,1
/Users/amnahameed/Downloads/cv/facial_filter_project/data/lfw_original/Sachiko_Yamada/Sachiko_Yamada_0001.jpg,/Users/amnahameed/Downloads/cv/facial_filter_project/data/lfw_original/Sachiko_Yamada/Sachiko_Yamada_0004.jpg,1
/Users/amnahameed/Downloads/cv/facial_filter_project/data/lfw_original/Sachiko_Yamada/Sachiko_Yamada_0002.jpg,/Users/amnahameed/Downloads/cv/facial_filter_project/data/lfw_original/Sachiko_Yamada/Sachiko_Yamada_0003.jpg,1
/Users/amnahameed/Downloads/cv/facial_filter_project/data/lfw_original/Sachiko_Yamada/Sachiko_Yamada_0002.jpg,/Users/amnahameed/Downloads/cv/facial_filter_project/data/lfw_original/Sachiko_Yamada/Sachiko_Yamada_0004.jpg,1
/Users/amnahameed/Downloads/cv/facial_filter_project/data/lfw_original/Saeb_Erekat/Saeb_Erekat_0001.jpg,/Users/amnahameed/Downloads/cv/facial_filter_project/data/lfw_original/Saeb_Erekat/Saeb_Erekat_0002.jpg,1
/Users/amnahameed/Downloads/cv/facial_filter_project/data/lfw_original/Sam_Bith/Sam_Bith_0001.jpg,/Users/amnahameed/Downloads/cv/facial_filter_project/data/lfw_original/Sam_Bith/Sam_Bith_0002.jpg,1
/Users/amnahameed/Downloads/cv/facial_filter_project/data/lfw_original/Sam_Bith/Sam_Bith_0001.jpg,/Users/amnahameed/Downloads/cv/facial_filter_project/data/lfw_original/Sam_Bith/Sam_Bith_0003.jpg,1
/Users/amnahameed/Downloads/cv/facial_filter_project/data/lfw_original/Sam_Bith/Sam_Bith_0002.jpg,/Users/amnahameed/Downloads/cv/facial_filter_project/data/lfw_original/Sam_Bith/Sam_Bith_0003.jpg,1
/Users/amnahameed/Downloads/cv/facial_filter_project/data/lfw_original/Sean_Hayes/Sean_Hayes_0001.jpg,/Users/amnahameed/Downloads/cv/facial_filter_project/data/lfw_original/Sean_Hayes/Sean_Hayes_0002.jpg,1
/Users/amnahameed/Downloads/cv/facial_filter_project/data/lfw_original/Sergio_Garcia/Sergio_Garcia_0001.jpg,/Users/amnahameed/Downloads/cv/facial_filter_project/data/lfw_original/Sergio_Garcia/Sergio_Garcia_0002.jpg,1
/Users/amnahameed/Downloads/cv/facial_filter_project/data/lfw_original/Silvia_Farina_Elia/Silvia_Farina_Elia_0001.jpg,/Users/amnahameed/Downloads/cv/facial_filter_project/data/lfw_original/Silvia_Farina_Elia/Silvia_Farina_Elia_0002.jpg,1
/Users/amnahameed/Downloads/cv/facial_filter_project/data/lfw_original/Steve_Ballmer/Steve_Ballmer_0001.jpg,/Users/amnahameed/Downloads/cv/facial_filter_project/data/lfw_original/Steve_Ballmer/Steve_Ballmer_0002.jpg,1
/Users/amnahameed/Downloads/cv/facial_filter_project/data/lfw_original/Steve_Ballmer/Steve_Ballmer_0001.jpg,/Users/amnahameed/Downloads/cv/facial_filter_project/data/lfw_original/Steve_Ballmer/Steve_Ballmer_0003.jpg,1
/Users/amnahameed/Downloads/cv/facial_filter_project/data/lfw_original/Stockard_Channing/Stockard_Channing_0001.jpg,/Users/amnahameed/Downloads/cv/facial_filter_project/data/lfw_original/Stockard_Channing/Stockard_Channing_0003.jpg,1
/Users/amnahameed/Downloads/cv/facial_filter_project/data/lfw_original/Stockard_Channing/Stockard_Channing_0002.jpg,/Users/amnahameed/Downloads/cv/facial_filter_project/data/lfw_original/Stockard_Channing/Stockard_Channing_0003.jpg,1
/Users/amnahameed/Downloads/cv/facial_filter_project/data/lfw_original/Terry_McAuliffe/Terry_McAuliffe_0001.jpg,/Users/amnahameed/Downloads/cv/facial_filter_project/data/lfw_original/Terry_McAuliffe/Terry_McAuliffe_0002.jpg,1
/Users/amnahameed/Downloads/cv/facial_filter_project/data/lfw_original/Terry_McAuliffe/Terry_McAuliffe_0001.jpg,/Users/amnahameed/Downloads/cv/facial_filter_project/data/lfw_original/Terry_McAuliffe/Terry_McAuliffe_0003.jpg,1
/Users/amnahameed/Downloads/cv/facial_filter_project/data/lfw_original/Thomas_Rupprath/Thomas_Rupprath_0001.jpg,/Users/amnahameed/Downloads/cv/facial_filter_project/data/lfw_original/Thomas_Rupprath/Thomas_Rupprath_0003.jpg,1
/Users/amnahameed/Downloads/cv/facial_filter_project/data/lfw_original/Thomas_Rupprath/Thomas_Rupprath_0002.jpg,/Users/amnahameed/Downloads/cv/facial_filter_project/data/lfw_original/Thomas_Rupprath/Thomas_Rupprath_0003.jpg,1
/Users/amnahameed/Downloads/cv/facial_filter_project/data/lfw_original/Tom_Ridge/Tom_Ridge_0006.jpg,/Users/amnahameed/Downloads/cv/facial_filter_project/data/lfw_original/Tom_Ridge/Tom_Ridge_0016.jpg,1
/Users/amnahameed/Downloads/cv/facial_filter_project/data/lfw_original/Tom_Ridge/Tom_Ridge_0008.jpg,/Users/amnahameed/Downloads/cv/facial_filter_project/data/lfw_original/Tom_Ridge/Tom_Ridge_0025.jpg,1
/Users/amnahameed/Downloads/cv/facial_filter_project/data/lfw_original/Tom_Ridge/Tom_Ridge_0009.jpg,/Users/amnahameed/Downloads/cv/facial_filter_project/data/lfw_original/Tom_Ridge/Tom_Ridge_0026.jpg,1
/Users/amnahameed/Downloads/cv/facial_filter_project/data/lfw_original/Tom_Ridge/Tom_Ridge_0018.jpg,/Users/amnahameed/Downloads/cv/facial_filter_project/data/lfw_original/Tom_Ridge/Tom_Ridge_0022.jpg,1
/Users/amnahameed/Downloads/cv/facial_filter_project/data/lfw_original/Tommy_Haas/Tommy_Haas_0004.jpg,/Users/amnahameed/Downloads/cv/facial_filter_project/data/lfw_original/Tommy_Haas/Tommy_Haas_0005.jpg,1
/Users/amnahameed/Downloads/cv/facial_filter_project/data/lfw_original/Tommy_Thompson/Tommy_Thompson_0001.jpg,/Users/amnahameed/Downloads/cv/facial_filter_project/data/lfw_original/Tommy_Thompson/Tommy_Thompson_0002.jpg,1
/Users/amnahameed/Downloads/cv/facial_filter_project/data/lfw_original/Tommy_Thompson/Tommy_Thompson_0001.jpg,/Users/amnahameed/Downloads/cv/facial_filter_project/data/lfw_original/Tommy_Thompson/Tommy_Thompson_0007.jpg,1
/Users/amnahameed/Downloads/cv/facial_filter_project/data/lfw_original/Tommy_Thompson/Tommy_Thompson_0002.jpg,/Users/amnahameed/Downloads/cv/facial_filter_project/data/lfw_original/Tommy_Thompson/Tommy_Thompson_0008.jpg,1
/Users/amnahameed/Downloads/cv/facial_filter_project/data/lfw_original/Tommy_Thompson/Tommy_Thompson_0004.jpg,/Users/amnahameed/Downloads/cv/facial_filter_project/data/lfw_original/Tommy_Thompson/Tommy_Thompson_0008.jpg,1
/Users/amnahameed/Downloads/cv/facial_filter_project/data/lfw_original/Tommy_Thompson/Tommy_Thompson_0006.jpg,/Users/amnahameed/Downloads/cv/facial_filter_project/data/lfw_original/Tommy_Thompson/Tommy_Thompson_0009.jpg,1
/Users/amnahameed/Downloads/cv/facial_filter_project/data/lfw_original/Tomoko_Hagiwara/Tomoko_Hagiwara_0001.jpg,/Users/amnahameed/Downloads/cv/facial_filter_project/data/lfw_original/Tomoko_Hagiwara/Tomoko_Hagiwara_0002.jpg,1
/Users/amnahameed/Downloads/cv/facial_filter_project/data/lfw_original/Trent_Lott/Trent_Lott_0001.jpg,/Users/amnahameed/Downloads/cv/facial_filter_project/data/lfw_original/Trent_Lott/Trent_Lott_0002.jpg,1
/Users/amnahameed/Downloads/cv/facial_filter_project/data/lfw_original/Trent_Lott/Trent_Lott_0002.jpg,/Users/amnahameed/Downloads/cv/facial_filter_project/data/lfw_original/Trent_Lott/Trent_Lott_0003.jpg,1
/Users/amnahameed/Downloads/cv/facial_filter_project/data/lfw_original/Trent_Lott/Trent_Lott_0002.jpg,/Users/amnahameed/Downloads/cv/facial_filter_project/data/lfw_original/Trent_Lott/Trent_Lott_0008.jpg,1
/Users/amnahameed/Downloads/cv/facial_filter_project/data/lfw_original/Trent_Lott/Trent_Lott_0006.jpg,/Users/amnahameed/Downloads/cv/facial_filter_project/data/lfw_original/Trent_Lott/Trent_Lott_0011.jpg,1
/Users/amnahameed/Downloads/cv/facial_filter_project/data/lfw_original/Trent_Lott/Trent_Lott_0007.jpg,/Users/amnahameed/Downloads/cv/facial_filter_project/data/lfw_original/Trent_Lott/Trent_Lott_0010.jpg,1
/Users/amnahameed/Downloads/cv/facial_filter_project/data/lfw_original/Trent_Lott/Trent_Lott_0008.jpg,/Users/amnahameed/Downloads/cv/facial_filter_project/data/lfw_original/Trent_Lott/Trent_Lott_0016.jpg,1
/Users/amnahameed/Downloads/cv/facial_filter_project/data/lfw_original/Tsutomu_Takebe/Tsutomu_Takebe_0001.jpg,/Users/amnahameed/Downloads/cv/facial_filter_project/data/lfw_original/Tsutomu_Takebe/Tsutomu_Takebe_0002.jpg,1
/Users/amnahameed/Downloads/cv/facial_filter_project/data/lfw_original/Tyler_Hamilton/Tyler_Hamilton_0001.jpg,/Users/amnahameed/Downloads/cv/facial_filter_project/data/lfw_original/Tyler_Hamilton/Tyler_Hamilton_0002.jpg,1
/Users/amnahameed/Downloads/cv/facial_filter_project/data/lfw_original/Tyra_Banks/Tyra_Banks_0001.jpg,/Users/amnahameed/Downloads/cv/facial_filter_project/data/lfw_original/Tyra_Banks/Tyra_Banks_0002.jpg,1
/Users/amnahameed/Downloads/cv/facial_filter_project/data/lfw_original/Vaclav_Havel/Vaclav_Havel_0002.jpg,/Users/amnahameed/Downloads/cv/facial_filter_project/data/lfw_original/Vaclav_Havel/Vaclav_Havel_0004.jpg,1
/Users/amnahameed/Downloads/cv/facial_filter_project/data/lfw_original/Vaclav_Havel/Vaclav_Havel_0002.jpg,/Users/amnahameed/Downloads/cv/facial_filter_project/data/lfw_original/Vaclav_Havel/Vaclav_Havel_0005.jpg,1
/Users/amnahameed/Downloads/cv/facial_filter_project/data/lfw_original/Vaclav_Havel/Vaclav_Havel_0002.jpg,/Users/amnahameed/Downloads/cv/facial_filter_project/data/lfw_original/Vaclav_Havel/Vaclav_Havel_0006.jpg,1
/Users/amnahameed/Downloads/cv/facial_filter_project/data/lfw_original/Vaclav_Havel/Vaclav_Havel_0004.jpg,/Users/amnahameed/Downloads/cv/facial_filter_project/data/lfw_original/Vaclav_Havel/Vaclav_Havel_0009.jpg,1
/Users/amnahameed/Downloads/cv/facial_filter_project/data/lfw_original/Vaclav_Havel/Vaclav_Havel_0005.jpg,/Users/amnahameed/Downloads/cv/facial_filter_project/data/lfw_original/Vaclav_Havel/Vaclav_Havel_0007.jpg,1
/Users/amnahameed/Downloads/cv/facial_filter_project/data/lfw_original/Valerie_Harper/Valerie_Harper_0001.jpg,/Users/amnahameed/Downloads/cv/facial_filter_project/data/lfw_original/Valerie_Harper/Valerie_Harper_0002.jpg,1
/Users/amnahameed/Downloads/cv/facial_filter_project/data/lfw_original/Vince_Carter/Vince_Carter_0003.jpg,/Users/amnahameed/Downloads/cv/facial_filter_project/data/lfw_original/Vince_Carter/Vince_Carter_0004.jpg,1
/Users/amnahameed/Downloads/cv/facial_filter_project/data/lfw_original/Vincent_Brooks/Vincent_Brooks_0002.jpg,/Users/amnahameed/Downloads/cv/facial_filter_project/data/lfw_original/Vincent_Brooks/Vincent_Brooks_0003.jpg,1
/Users/amnahameed/Downloads/cv/facial_filter_project/data/lfw_original/Vincent_Brooks/Vincent_Brooks_0002.jpg,/Users/amnahameed/Downloads/cv/facial_filter_project/data/lfw_original/Vincent_Brooks/Vincent_Brooks_0007.jpg,1
/Users/amnahameed/Downloads/cv/facial_filter_project/data/lfw_original/Vincent_Brooks/Vincent_Brooks_0004.jpg,/Users/amnahameed/Downloads/cv/facial_filter_project/data/lfw_original/Vincent_Brooks/Vincent_Brooks_0005.jpg,1
/Users/amnahameed/Downloads/cv/facial_filter_project/data/lfw_original/Vincent_Brooks/Vincent_Brooks_0004.jpg,/Users/amnahameed/Downloads/cv/facial_filter_project/data/lfw_original/Vincent_Brooks/Vincent_Brooks_0007.jpg,1
/Users/amnahameed/Downloads/cv/facial_filter_project/data/lfw_original/Vincent_Gallo/Vincent_Gallo_0001.jpg,/Users/amnahameed/Downloads/cv/facial_filter_project/data/lfw_original/Vincent_Gallo/Vincent_Gallo_0002.jpg,1
/Users/amnahameed/Downloads/cv/facial_filter_project/data/lfw_original/Vitali_Klitschko/Vitali_Klitschko_0001.jpg,/Users/amnahameed/Downloads/cv/facial_filter_project/data/lfw_original/Vitali_Klitschko/Vitali_Klitschko_0002.jpg,1
/Users/amnahameed/Downloads/cv/facial_filter_project/data/lfw_original/Vitali_Klitschko/Vitali_Klitschko_0003.jpg,/Users/amnahameed/Downloads/cv/facial_filter_project/data/lfw_original/Vitali_Klitschko/Vitali_Klitschko_0004.jpg,1
/Users/amnahameed/Downloads/cv/facial_filter_project/data/lfw_original/William_Macy/William_Macy_0001.jpg,/Users/amnahameed/Downloads/cv/facial_filter_project/data/lfw_original/William_Macy/William_Macy_0004.jpg,1
/Users/amnahameed/Downloads/cv/facial_filter_project/data/lfw_original/William_Macy/William_Macy_0002.jpg,/Users/amnahameed/Downloads/cv/facial_filter_project/data/lfw_original/William_Macy/William_Macy_0004.jpg,1
/Users/amnahameed/Downloads/cv/facial_filter_project/data/lfw_original/William_Macy/William_Macy_0003.jpg,/Users/amnahameed/Downloads/cv/facial_filter_project/data/lfw_original/William_Macy/William_Macy_0004.jpg,1
/Users/amnahameed/Downloads/cv/facial_filter_project/data/lfw_original/Woody_Allen/Woody_Allen_0002.jpg,/Users/amnahameed/Downloads/cv/facial_filter_project/data/lfw_original/Woody_Allen/Woody_Allen_0004.jpg,1
/Users/amnahameed/Downloads/cv/facial_filter_project/data/lfw_original/Woody_Allen/Woody_Allen_0003.jpg,/Users/amnahameed/Downloads/cv/facial_filter_project/data/lfw_original/Woody_Allen/Woody_Allen_0005.jpg,1
/Users/amnahameed/Downloads/cv/facial_filter_project/data/lfw_original/Yukiko_Okudo/Yukiko_Okudo_0001.jpg,/Users/amnahameed/Downloads/cv/facial_filter_project/data/lfw_original/Yukiko_Okudo/Yukiko_Okudo_0002.jpg,1
/Users/amnahameed/Downloads/cv/facial_filter_project/data/lfw_original/Zico/Zico_0001.jpg,/Users/amnahameed/Downloads/cv/facial_filter_project/data/lfw_original/Zico/Zico_0002.jpg,1
/Users/amnahameed/Downloads/cv/facial_filter_project/data/lfw_original/Zico/Zico_0002.jpg,/Users/amnahameed/Downloads/cv/facial_filter_project/data/lfw_original/Zico/Zico_0003.jpg,1
